id,datum
, 2018-10-28T11:58:27
, 2018-5-21T8:14:57
, 2018-11-19T13:30:54
, 2016-8-5T12:38:41
, 2020-8-26T11:8:17
, 2017-6-19T14:42:2
, 2017-8-23T8:49:2
, 2017-9-29T16:2:53
, 2015-6-14T8:38:26
, 2015-9-23T14:25:32
, 2018-7-14T16:38:16
, 2014-11-10T11:55:20
, 2019-1-7T9:45:50
, 2016-3-3T11:4:2
, 2019-5-16T10:56:16
, 2014-4-3T16:45:0
, 2014-6-8T13:38:57
, 2014-8-28T14:23:8
, 2014-6-6T12:45:45
, 2014-1-20T14:37:37
, 2015-9-1T8:40:13
, 2014-10-11T10:31:57
, 2019-10-23T15:30:42
, 2016-3-22T12:51:21
, 2020-4-2T14:27:41
, 2020-8-6T15:43:58
, 2015-3-29T8:32:35
, 2019-2-10T13:28:36
, 2018-9-17T11:6:18
, 2020-1-22T12:0:55
, 2018-9-10T8:16:39
, 2016-3-19T8:4:7
, 2020-2-26T10:44:8
, 2017-4-24T16:9:42
, 2015-1-1T11:1:15
, 2017-2-21T10:11:39
, 2020-10-18T13:43:9
, 2018-1-7T14:30:17
, 2016-8-5T10:13:12
, 2018-9-8T14:48:55
, 2016-1-8T8:13:3
, 2014-5-24T12:4:33
, 2019-3-16T9:53:58
, 2018-3-14T12:55:0
, 2015-1-18T12:44:10
, 2018-6-16T11:2:51
, 2017-8-28T16:34:28
, 2016-7-27T12:20:45
, 2014-9-8T8:26:43
, 2019-3-15T14:35:30
, 2014-11-5T10:36:28
, 2017-1-1T13:51:9
, 2015-1-25T16:15:6
, 2017-2-21T12:27:20
, 2016-11-22T15:28:29
, 2015-10-10T13:39:3
, 2018-4-21T15:54:47
, 2020-7-20T13:50:6
, 2014-3-27T10:22:33
, 2018-10-14T9:35:51
, 2014-1-13T9:22:58
, 2016-5-7T8:33:58
, 2017-9-6T8:8:8
, 2020-4-15T8:50:4
, 2016-9-7T9:21:25
, 2014-2-18T12:45:41
, 2019-8-7T13:23:44
, 2014-6-6T14:47:40
, 2020-11-25T13:15:19
, 2014-1-19T13:56:10
, 2020-4-7T15:14:23
, 2015-4-23T11:19:14
, 2017-10-16T16:22:28
, 2015-7-20T11:9:22
, 2017-10-5T10:36:7
, 2020-3-28T8:48:12
, 2014-6-19T14:49:31
, 2020-6-3T16:46:16
, 2020-1-26T12:18:43
, 2014-7-9T15:37:22
, 2015-9-1T12:21:3
, 2018-5-25T9:24:23
, 2016-2-24T8:14:25
, 2017-4-24T10:42:21
, 2018-10-11T14:35:0
, 2019-7-3T8:36:3
, 2020-11-17T13:1:34
, 2015-9-28T11:28:21
, 2019-3-25T14:52:46
, 2018-1-13T10:32:44
, 2018-8-23T8:28:24
, 2018-1-21T13:5:36
, 2016-8-3T16:19:16
, 2016-8-14T14:48:53
, 2016-6-18T8:38:29
, 2018-5-24T12:50:37
, 2016-5-12T8:8:57
, 2017-8-23T13:15:28
, 2014-3-29T15:46:7
, 2020-8-23T13:10:2
, 2017-8-3T11:49:39
, 2015-1-16T14:57:20
, 2015-5-25T11:17:58
, 2019-6-12T8:40:7
, 2018-8-2T11:32:39
, 2018-6-4T12:28:47
, 2019-1-7T9:40:13
, 2018-4-27T9:17:16
, 2018-1-9T14:3:45
, 2015-6-16T10:51:49
, 2020-2-14T12:2:5
, 2016-7-11T12:20:5
, 2019-4-17T13:43:54
, 2018-5-12T16:56:43
, 2014-11-6T10:26:21
, 2015-5-11T13:10:9
, 2019-1-5T12:31:6
, 2018-4-5T11:37:20
, 2014-4-27T15:26:36
, 2015-1-27T14:55:54
, 2019-11-23T12:56:39
, 2015-8-2T14:7:55
, 2020-1-4T12:7:27
, 2020-9-5T16:53:8
, 2015-3-19T9:40:18
, 2014-1-9T15:21:20
, 2018-5-14T8:12:30
, 2019-11-24T15:44:8
, 2018-10-25T15:42:25
, 2018-3-4T10:56:3
, 2016-7-10T13:52:47
, 2016-7-18T13:45:36
, 2017-2-25T13:11:41
, 2018-2-26T12:20:15
, 2015-9-28T8:58:16
, 2019-6-8T10:34:16
, 2014-10-22T10:19:56
, 2016-6-5T13:44:51
, 2018-5-16T11:21:14
, 2019-3-29T15:19:45
, 2019-4-18T11:7:23
, 2020-6-13T16:54:51
, 2015-6-12T10:37:9
, 2016-6-2T16:13:29
, 2017-8-22T11:42:13
, 2020-10-5T9:19:52
, 2017-7-27T12:33:14
, 2016-2-14T12:34:6
, 2020-7-2T8:34:6
, 2020-10-29T8:40:52
, 2018-3-13T13:31:5
, 2016-11-1T9:42:10
, 2015-3-19T10:0:24
, 2018-11-25T14:3:45
, 2019-6-23T14:25:54
, 2014-9-24T9:54:17
, 2014-10-6T15:3:25
, 2014-6-14T8:34:24
, 2016-2-17T11:12:22
, 2016-6-15T9:24:51
, 2019-10-13T8:28:49
, 2018-10-6T16:8:38
, 2019-3-25T15:46:23
, 2019-8-28T8:18:16
, 2017-9-29T10:11:34
, 2016-4-19T11:27:2
, 2018-4-9T11:21:56
, 2020-11-14T14:35:12
, 2014-5-6T12:9:1
, 2014-3-21T13:3:37
, 2019-5-12T16:2:44
, 2015-4-23T12:57:47
, 2019-8-12T12:27:39
, 2020-10-20T12:19:24
, 2014-7-2T16:1:5
, 2018-4-4T8:13:21
, 2019-11-12T8:40:20
, 2015-4-24T9:6:30
, 2014-11-6T8:23:28
, 2020-2-7T13:33:58
, 2015-4-5T16:0:39
, 2020-1-23T8:48:57
, 2018-3-16T10:22:34
, 2017-10-19T11:14:6
, 2019-10-13T9:37:31
, 2018-5-3T16:22:10
, 2020-3-22T16:56:44
, 2018-11-23T12:20:29
, 2017-5-25T11:7:52
, 2020-9-27T11:15:31
, 2017-6-25T16:44:23
, 2018-3-2T14:55:6
, 2018-3-12T14:44:2
, 2020-9-23T15:9:54
, 2019-2-10T11:2:28
, 2020-3-6T16:11:18
, 2020-2-11T13:20:1
, 2015-8-7T14:31:26
, 2017-7-25T10:14:27
, 2020-2-25T12:26:44
, 2014-5-19T10:9:28
, 2016-5-7T11:9:34
, 2020-6-2T13:36:37
, 2018-2-4T8:43:1
, 2019-3-11T14:49:40
, 2014-8-13T14:45:49
, 2016-2-12T9:26:4
, 2020-2-22T10:52:33
, 2015-3-17T10:14:13
, 2020-1-13T9:23:7
, 2014-8-6T13:26:30
, 2017-4-5T10:8:28
, 2019-4-1T13:23:29
, 2015-9-3T11:49:55
, 2020-11-3T14:35:45
, 2017-8-13T12:50:25
, 2019-6-12T9:57:36
, 2020-3-28T8:44:50
, 2019-8-9T11:52:18
, 2018-3-20T15:1:57
, 2015-10-20T8:42:49
, 2018-3-9T12:13:1
, 2015-5-11T15:40:51
, 2020-6-2T13:5:2
, 2015-7-19T9:30:46
, 2020-1-4T14:18:12
, 2016-11-5T10:24:18
, 2017-8-11T10:29:17
, 2020-7-4T14:29:29
, 2020-2-19T13:1:19
, 2016-11-15T8:5:53
, 2015-2-28T16:21:26
, 2016-7-22T11:4:35
, 2020-7-4T8:8:16
, 2018-7-11T15:36:3
, 2018-9-22T9:2:37
, 2019-5-15T8:24:52
, 2019-11-6T15:50:6
, 2017-5-2T10:35:57
, 2016-11-23T8:4:14
, 2020-2-13T11:7:39
, 2018-11-23T9:16:44
, 2015-6-29T14:18:48
, 2015-3-6T15:54:19
, 2018-11-15T11:1:34
, 2018-11-14T10:47:28
, 2018-8-23T14:44:10
, 2015-3-3T16:7:39
, 2020-8-14T13:45:41
, 2020-4-20T12:23:35
, 2020-7-17T10:25:15
, 2019-9-6T9:47:42
, 2015-10-21T16:50:41
, 2018-2-28T8:25:3
, 2017-1-28T8:55:27
, 2014-11-4T11:8:1
, 2020-9-18T8:39:15
, 2019-10-22T12:43:8
, 2014-4-8T12:24:46
, 2018-1-1T12:43:2
, 2017-6-2T16:32:4
, 2018-3-24T12:9:20
, 2018-4-12T9:35:37
, 2014-10-21T10:24:26
, 2016-11-21T14:30:45
, 2017-4-1T10:16:36
, 2020-7-6T11:15:25
, 2017-6-20T8:27:45
, 2015-11-15T8:25:26
, 2020-11-5T9:45:41
, 2017-1-21T8:38:6
, 2019-4-29T16:19:3
, 2015-7-20T10:21:26
, 2014-6-9T15:1:36
, 2016-10-1T8:5:51
, 2015-9-20T11:37:38
, 2015-6-2T10:7:44
, 2018-1-28T13:57:6
, 2020-4-10T15:16:0
, 2016-6-27T11:53:51
, 2014-3-4T13:45:34
, 2019-6-25T16:29:12
, 2016-10-20T9:55:8
, 2019-2-6T15:18:26
, 2018-5-25T15:47:37
, 2016-1-3T11:28:43
, 2018-1-1T12:42:18
, 2017-3-17T15:50:6
, 2015-5-28T13:23:22
, 2015-6-1T8:39:35
, 2017-9-26T14:34:54
, 2018-4-15T8:52:17
, 2016-5-21T16:37:51
, 2018-3-24T11:3:28
, 2017-4-14T14:42:42
, 2014-9-12T11:10:51
, 2019-6-5T13:52:40
, 2019-5-2T8:6:54
, 2018-1-8T13:36:6
, 2020-5-8T13:56:31
, 2017-3-2T11:44:35
, 2019-11-26T10:28:57
, 2018-2-11T11:53:45
, 2018-6-3T8:11:33
, 2014-1-23T16:56:3
, 2020-1-10T16:18:44
, 2015-11-8T12:38:49
, 2019-3-6T13:1:37
, 2020-2-21T13:31:44
, 2020-2-2T9:30:22
, 2018-3-24T13:13:48
, 2014-7-13T16:53:42
, 2018-5-6T10:38:40
, 2017-8-3T13:42:28
, 2016-7-20T12:11:0
, 2017-10-29T13:14:25
, 2014-2-27T15:24:44
, 2018-1-29T16:29:43
, 2014-4-19T8:48:21
, 2018-8-12T15:13:35
, 2017-2-23T10:44:50
, 2015-2-12T8:35:52
, 2014-11-16T16:15:55
, 2019-4-8T12:56:24
, 2015-1-1T16:23:19
, 2018-6-28T13:57:21
, 2014-9-1T12:52:43
, 2016-3-19T11:29:31
, 2016-11-17T14:29:27
, 2014-11-12T9:7:32
, 2015-2-9T11:55:30
, 2014-11-23T15:13:23
, 2018-9-14T13:32:32
, 2019-8-25T15:30:2
, 2017-1-19T12:21:49
, 2020-1-1T16:28:10
, 2020-3-8T8:47:58
, 2017-2-11T14:56:8
, 2016-10-6T11:33:56
, 2017-3-8T11:40:25
, 2020-10-17T12:2:27
, 2018-8-17T12:53:14
, 2015-11-19T15:31:53
, 2020-1-19T16:6:32
, 2016-1-28T8:38:19
, 2015-11-7T11:51:44
, 2018-9-3T11:25:9
, 2018-6-12T15:7:56
, 2014-5-27T12:4:1
, 2019-3-8T13:40:50
, 2019-5-7T8:56:40
, 2019-4-28T9:35:29
, 2017-11-6T13:28:6
, 2019-2-19T11:35:4
, 2014-2-8T15:23:14
, 2014-11-13T15:20:16
, 2017-9-4T15:25:34
, 2018-7-25T11:8:54
, 2014-4-24T13:0:46
, 2015-4-17T16:10:15
, 2018-2-3T16:37:34
, 2018-7-12T13:21:50
, 2015-1-12T11:43:43
, 2018-11-2T16:35:45
, 2017-10-16T11:45:24
, 2015-2-24T11:12:57
, 2014-8-21T16:33:43
, 2018-6-4T8:20:12
, 2019-6-7T14:32:12
, 2014-5-13T8:53:23
, 2015-5-15T8:38:58
, 2016-10-10T14:39:10
, 2014-11-16T9:8:20
, 2016-10-4T9:20:29
, 2017-8-17T15:23:41
, 2018-3-28T11:3:9
, 2018-11-16T15:16:32
, 2019-9-19T13:21:56
, 2014-2-3T8:30:37
, 2019-10-17T9:43:7
, 2018-6-19T15:44:44
, 2015-2-12T9:57:19
, 2014-7-14T12:36:3
, 2015-6-3T14:1:9
, 2014-5-28T13:22:25
, 2014-8-4T15:32:34
, 2016-9-11T15:55:49
, 2018-5-18T14:9:1
, 2016-4-11T12:19:20
, 2014-11-29T9:13:7
, 2014-2-20T14:15:9
, 2014-6-5T9:51:37
, 2014-7-9T13:8:53
, 2019-5-12T16:34:15
, 2017-10-28T8:15:24
, 2014-2-28T12:52:9
, 2014-5-28T13:22:4
, 2016-9-10T12:7:41
, 2014-1-27T9:31:41
, 2019-8-27T9:38:53
, 2019-2-9T8:30:34
, 2019-2-21T15:17:30
, 2017-10-28T14:45:18
, 2018-10-8T16:22:11
, 2016-8-16T8:13:24
, 2015-5-20T16:29:3
, 2017-2-6T13:39:42
, 2020-10-25T8:20:10
, 2020-4-25T9:24:54
, 2015-8-2T16:32:37
, 2015-9-20T13:16:16
, 2016-10-7T15:15:11
, 2015-4-16T16:49:49
, 2020-4-1T16:28:12
, 2016-7-21T14:37:3
, 2015-10-13T11:50:48
, 2015-9-21T13:55:21
, 2019-4-3T10:53:7
, 2016-5-26T15:25:52
, 2015-11-6T9:25:23
, 2018-3-7T9:27:40
, 2015-2-26T14:35:15
, 2014-11-16T8:12:24
, 2016-4-1T8:31:38
, 2018-2-15T16:50:46
, 2020-9-3T11:57:53
, 2020-1-23T13:43:49
, 2014-5-27T14:44:38
, 2017-9-28T14:16:37
, 2015-4-12T15:41:5
, 2016-7-23T11:52:38
, 2014-1-28T16:21:23
, 2017-6-15T16:2:47
, 2014-3-28T11:4:17
, 2019-7-2T14:25:6
, 2018-3-20T12:38:47
, 2016-1-7T16:24:34
, 2014-7-29T9:26:24
, 2018-8-9T9:0:18
, 2017-9-1T10:5:54
, 2016-4-21T14:4:24
, 2015-8-9T11:47:13
, 2016-10-16T8:56:38
, 2020-5-3T9:58:16
, 2018-1-3T9:9:23
, 2017-1-6T12:12:30
, 2018-11-12T15:14:21
, 2019-2-2T10:50:14
, 2015-7-13T15:8:44
, 2015-10-9T10:36:8
, 2017-3-1T12:9:20
, 2014-11-19T15:40:29
, 2019-2-7T9:53:21
, 2018-10-14T13:18:50
, 2019-4-13T13:22:45
, 2016-9-5T15:6:52
, 2017-11-28T11:16:38
, 2020-4-20T10:26:13
, 2018-6-16T12:43:56
, 2014-8-6T10:26:3
, 2020-2-19T15:56:46
, 2015-7-1T12:7:36
, 2014-10-20T16:15:5
, 2018-10-7T15:53:23
, 2017-11-2T9:50:32
, 2020-6-15T10:7:26
, 2018-2-15T11:25:55
, 2019-10-11T8:57:6
, 2020-7-22T15:15:39
, 2016-3-24T15:11:48
, 2017-7-29T16:38:47
, 2020-11-15T8:40:29
, 2019-5-17T14:6:22
, 2017-5-19T9:32:31
, 2018-6-8T16:33:31
, 2015-4-21T11:51:1
, 2017-1-4T10:50:9
, 2020-4-7T12:25:41
, 2017-1-21T12:34:48
, 2020-10-3T8:50:49
, 2014-7-15T9:55:6
, 2020-8-15T16:4:8
, 2017-7-8T11:48:26
, 2014-9-13T8:51:3
, 2016-11-5T16:44:17
, 2014-6-27T8:24:41
, 2020-8-15T11:38:35
, 2017-6-24T16:55:30
, 2020-8-8T11:52:4
, 2015-7-19T12:30:45
, 2020-1-15T13:33:41
, 2015-6-10T10:9:53
, 2015-10-7T9:54:1
, 2015-9-26T12:44:47
, 2015-5-5T16:19:41
, 2020-6-13T15:9:20
, 2019-7-12T8:43:41
, 2017-10-3T15:14:48
, 2014-4-24T12:19:16
, 2017-4-11T11:14:30
, 2017-9-14T13:57:8
, 2017-11-23T11:28:47
, 2018-5-3T16:47:7
, 2017-2-12T13:9:28
, 2016-2-3T15:9:53
, 2016-1-9T8:39:24
, 2020-4-25T14:46:40
, 2020-6-11T12:33:23
, 2019-2-29T9:56:51
, 2016-9-15T15:42:18
, 2017-6-24T9:27:16
, 2016-6-15T12:3:29
, 2015-1-22T11:4:57
, 2017-6-7T8:4:40
, 2019-11-15T14:42:30
, 2019-4-27T11:5:11
, 2016-9-16T13:30:42
, 2018-11-29T12:35:35
, 2020-9-25T12:21:38
, 2015-3-26T13:38:23
, 2018-7-22T12:39:23
, 2019-6-14T8:41:57
, 2018-11-26T10:17:35
, 2017-9-25T15:56:26
, 2015-1-3T14:48:39
, 2014-10-13T10:40:26
, 2016-10-1T11:57:2
, 2015-5-13T15:32:8
, 2020-9-8T14:24:22
, 2016-10-17T14:35:43
, 2014-7-3T16:20:52
, 2019-1-24T16:48:52
, 2017-9-6T12:18:57
, 2018-7-4T13:32:51
, 2014-11-11T8:4:14
, 2016-6-14T10:38:51
, 2020-2-6T12:28:33
, 2019-4-19T11:50:31
, 2017-5-4T14:53:41
, 2018-8-19T12:17:26
, 2019-11-25T16:49:34
, 2018-11-27T11:17:45
, 2017-2-17T10:10:11
, 2016-9-16T8:21:19
, 2016-10-18T16:15:3
, 2015-5-22T14:42:44
, 2018-3-10T11:17:29
, 2017-3-23T14:3:52
, 2015-8-5T11:13:49
, 2015-11-1T8:26:3
, 2015-6-20T14:50:10
, 2020-5-5T9:20:38
, 2015-10-1T15:5:43
, 2018-11-20T12:52:26
, 2017-6-11T12:46:39
, 2017-1-23T9:28:42
, 2018-9-20T13:23:45
, 2019-5-1T14:3:13
, 2020-11-3T12:31:21
, 2014-2-12T9:40:1
, 2018-1-1T9:53:55
, 2017-8-5T11:25:6
, 2019-6-25T11:21:33
, 2014-2-5T16:32:40
, 2020-1-6T12:34:57
, 2017-3-23T14:50:56
, 2017-6-3T12:56:4
, 2016-4-11T10:43:39
, 2014-5-18T13:12:58
, 2015-3-23T16:16:12
, 2018-1-15T12:48:10
, 2016-4-20T15:50:44
, 2020-5-19T10:52:26
, 2020-10-29T13:16:44
, 2015-1-24T10:1:22
, 2018-5-18T14:33:11
, 2014-2-20T10:42:20
, 2020-1-4T14:7:48
, 2019-9-1T12:52:56
, 2019-5-3T12:18:28
, 2014-5-25T11:35:29
, 2018-6-1T10:7:41
, 2019-6-2T8:31:50
, 2017-8-1T9:9:52
, 2020-2-20T13:56:7
, 2020-11-20T11:11:46
, 2015-11-17T14:54:41
, 2018-8-8T13:37:5
, 2019-10-16T14:56:44
, 2016-8-11T11:47:5
, 2017-7-17T9:27:38
, 2020-6-27T11:37:53
, 2017-2-9T12:31:42
, 2015-2-15T9:25:14
, 2019-6-12T15:35:4
, 2014-1-14T8:36:2
, 2018-4-25T13:8:45
, 2015-9-5T15:49:3
, 2015-6-4T9:58:53
, 2018-5-17T14:37:39
, 2017-8-13T14:57:13
, 2014-9-22T13:45:23
, 2015-8-28T14:2:26
, 2018-4-5T16:9:11
, 2016-9-8T9:49:25
, 2018-11-23T11:12:57
, 2018-10-10T11:38:44
, 2014-10-24T14:1:32
, 2015-8-19T15:3:36
, 2018-10-16T11:24:2
, 2014-9-26T12:57:55
, 2016-6-10T12:28:29
, 2019-6-23T14:22:48
, 2020-4-23T12:25:26
, 2018-6-10T10:16:4
, 2019-5-23T11:57:46
, 2017-11-26T16:6:47
, 2020-8-18T14:23:14
, 2020-9-8T16:46:7
, 2018-10-9T13:34:44
, 2014-1-29T12:7:47
, 2018-7-18T12:31:32
, 2015-4-18T9:57:27
, 2016-6-1T14:36:27
, 2017-6-29T10:1:6
, 2016-4-10T13:23:49
, 2018-11-5T16:31:35
, 2017-2-27T14:38:45
, 2020-3-11T10:51:14
, 2020-9-4T14:36:53
, 2019-11-16T14:37:58
, 2018-2-8T16:5:49
, 2016-4-23T9:19:28
, 2020-2-7T10:27:50
, 2014-6-13T11:32:47
, 2019-6-26T10:2:39
, 2015-8-25T9:16:47
, 2019-1-20T13:33:13
, 2020-8-16T12:31:0
, 2020-11-20T15:56:41
, 2014-11-4T12:44:34
, 2020-11-16T12:6:42
, 2015-10-11T11:45:1
, 2020-9-22T16:44:16
, 2020-9-7T11:2:41
, 2019-10-1T10:10:41
, 2019-10-28T9:27:37
, 2015-8-9T13:17:48
, 2015-5-28T11:21:42
, 2018-10-12T16:48:49
, 2015-10-11T13:41:46
, 2017-5-29T11:55:4
, 2020-10-20T12:14:29
, 2015-6-18T8:36:41
, 2016-2-10T15:41:24
, 2017-11-18T14:37:14
, 2018-3-26T8:0:29
, 2017-11-20T12:37:32
, 2020-7-28T10:20:37
, 2018-3-21T8:38:9
, 2019-9-12T16:51:55
, 2019-6-6T10:12:32
, 2019-6-7T8:20:51
, 2020-8-9T13:38:16
, 2017-9-23T10:57:36
, 2016-5-12T9:4:38
, 2019-11-10T15:21:34
, 2018-3-9T8:6:31
, 2018-7-4T13:5:12
, 2018-10-6T12:26:57
, 2015-7-21T15:53:32
, 2016-9-29T16:44:8
, 2018-9-25T14:4:46
, 2018-7-11T13:2:58
, 2016-9-27T14:2:42
, 2019-11-7T13:13:37
, 2015-6-29T14:57:4
, 2020-5-18T15:25:44
, 2014-7-17T15:46:18
, 2016-5-22T12:2:56
, 2016-4-6T8:7:45
, 2015-2-19T16:26:20
, 2020-6-22T15:29:35
, 2020-2-22T16:15:56
, 2016-8-16T13:6:39
, 2014-5-9T15:52:27
, 2016-2-11T16:2:53
, 2020-8-28T13:54:19
, 2016-9-19T8:56:58
, 2015-5-18T9:7:6
, 2019-1-23T15:14:43
, 2016-6-27T9:50:48
, 2017-3-15T16:24:8
, 2014-3-18T8:4:24
, 2020-11-1T11:17:18
, 2020-3-22T15:43:35
, 2019-4-3T8:56:24
, 2020-1-25T10:19:17
, 2014-10-22T9:57:12
, 2017-3-18T15:9:36
, 2019-8-14T16:1:40
, 2020-6-12T14:32:39
, 2015-10-28T12:24:9
, 2016-5-15T11:6:18
, 2015-2-14T14:7:49
, 2017-11-5T10:10:12
, 2017-5-27T10:4:50
, 2014-1-2T12:24:3
, 2018-6-13T16:45:32
, 2015-1-26T14:40:19
, 2014-3-11T13:51:42
, 2016-8-2T14:46:17
, 2015-2-26T9:3:46
, 2015-1-29T10:30:13
, 2014-9-9T13:42:56
, 2016-5-17T12:37:8
, 2018-10-6T16:53:29
, 2017-2-8T14:17:27
, 2016-9-16T12:43:10
, 2015-2-8T16:17:42
, 2018-1-24T14:14:18
, 2018-2-4T15:37:47
, 2014-3-13T12:21:5
, 2014-1-9T8:10:38
, 2017-7-6T10:24:47
, 2018-10-16T9:14:17
, 2018-4-8T12:31:32
, 2016-4-1T10:11:54
, 2016-5-4T14:55:13
, 2014-4-28T11:29:40
, 2019-6-27T8:27:46
, 2020-4-27T16:50:20
, 2018-5-20T9:38:5
, 2016-3-21T13:49:15
, 2016-6-1T9:13:49
, 2014-8-17T16:46:38
, 2018-2-14T8:13:44
, 2016-11-29T16:35:50
, 2017-9-2T14:19:40
, 2017-7-5T16:8:1
, 2015-9-5T9:1:9
, 2020-11-2T8:49:23
, 2020-11-9T10:21:20
, 2019-7-16T15:28:13
, 2020-1-1T9:27:56
, 2015-3-15T13:39:58
, 2020-3-24T13:0:34
, 2020-1-8T10:6:28
, 2019-4-3T16:33:1
, 2016-5-7T11:50:43
, 2014-3-9T11:2:39
, 2014-11-18T16:51:30
, 2016-1-3T11:46:40
, 2018-6-7T15:52:3
, 2017-1-17T13:7:50
, 2020-5-3T14:35:25
, 2018-1-22T14:23:7
, 2020-8-13T16:26:3
, 2018-8-3T14:53:4
, 2015-2-20T8:5:6
, 2018-5-20T10:49:12
, 2020-10-20T12:5:28
, 2016-5-21T10:39:22
, 2016-1-7T8:27:24
, 2015-5-21T10:25:6
, 2019-8-6T9:13:55
, 2017-2-5T9:19:45
, 2017-9-28T9:25:4
, 2018-4-22T14:29:56
, 2018-10-15T10:8:50
, 2016-2-26T8:36:56
, 2014-8-29T12:30:11
, 2018-2-28T12:10:20
, 2017-11-5T9:47:41
, 2019-2-26T11:28:6
, 2017-10-16T10:36:27
, 2016-11-18T9:28:1
, 2020-5-19T10:5:25
, 2020-10-1T12:54:15
, 2014-2-14T9:56:21
, 2017-6-15T9:25:15
, 2016-2-22T15:37:37
, 2015-10-21T16:49:27
, 2019-10-20T16:17:3
, 2018-11-13T12:39:34
, 2017-4-3T14:47:49
, 2016-2-19T9:15:12
, 2019-8-6T16:56:35
, 2018-1-28T12:54:56
, 2014-10-21T16:49:56
, 2014-5-18T14:34:5
, 2017-4-24T13:58:15
, 2017-2-21T15:53:20
, 2014-6-4T10:26:7
, 2018-11-8T9:30:22
, 2014-8-8T9:8:13
, 2016-5-4T11:21:34
, 2015-9-24T14:5:28
, 2016-1-18T9:14:40
, 2020-2-18T12:25:34
, 2016-11-4T8:31:45
, 2014-3-19T8:46:3
, 2014-7-10T8:48:4
, 2019-3-11T9:36:43
, 2018-1-4T16:26:20
, 2019-4-3T11:42:1
, 2014-7-12T8:53:43
, 2018-10-20T15:11:32
, 2018-2-4T8:36:29
, 2018-11-24T16:41:56
, 2015-4-8T9:19:57
, 2017-5-25T8:30:15
, 2018-8-6T8:43:20
, 2015-4-11T8:8:15
, 2017-5-28T12:50:24
, 2014-2-20T16:24:7
, 2016-10-21T9:26:33
, 2016-4-24T16:34:52
, 2016-10-17T8:0:23
, 2017-10-12T9:49:48
, 2015-5-10T13:10:16
, 2017-3-22T14:34:43
, 2018-7-23T9:41:40
, 2015-3-24T10:51:32
, 2016-4-20T8:44:18
, 2018-8-25T16:49:14
, 2016-5-2T10:48:24
, 2016-6-18T14:55:45
, 2018-10-20T12:28:52
, 2017-3-12T14:32:25
, 2020-3-6T12:27:25
, 2020-11-17T8:34:5
, 2016-3-24T13:2:18
, 2018-6-6T12:40:14
, 2017-11-4T13:37:8
, 2015-1-19T13:50:44
, 2014-4-6T11:1:6
, 2014-5-4T10:25:17
, 2019-8-9T12:3:16
, 2018-6-4T13:9:7
, 2014-6-13T9:5:39
, 2017-1-21T16:15:13
, 2020-4-25T12:31:38
, 2018-10-27T9:24:33
, 2018-5-7T11:41:31
, 2016-9-15T10:16:22
, 2017-6-12T8:27:27
, 2020-7-3T10:56:38
, 2015-10-28T11:46:16
, 2015-7-10T14:18:47
, 2016-8-9T13:52:13
, 2018-11-2T8:57:15
, 2018-9-1T9:17:38
, 2017-11-29T13:35:24
, 2017-7-1T12:27:50
, 2017-6-5T15:8:35
, 2015-6-19T12:16:55
, 2017-3-9T11:9:4
, 2015-9-13T14:3:57
, 2019-3-2T12:48:38
, 2015-8-24T14:5:9
, 2017-11-18T15:10:30
, 2018-10-23T15:54:13
, 2020-8-14T15:16:36
, 2017-7-12T8:26:4
, 2014-3-14T14:55:26
, 2019-1-23T16:40:30
, 2018-11-22T9:14:39
, 2017-2-1T8:42:39
, 2014-3-2T11:12:12
, 2019-8-8T9:34:33
, 2014-4-11T12:13:49
, 2016-5-9T16:43:10
, 2017-2-6T16:3:49
, 2014-3-21T12:56:42
, 2017-3-12T9:6:36
, 2016-9-19T15:14:37
, 2018-7-19T12:29:39
, 2016-7-11T11:21:34
, 2018-4-28T11:40:28
, 2020-11-7T11:34:20
, 2014-8-22T13:4:19
, 2019-6-12T16:20:3
, 2014-1-4T10:22:37
, 2019-5-26T13:51:45
, 2020-2-26T16:40:43
, 2014-1-9T11:29:0
, 2017-1-18T13:38:26
, 2020-9-28T12:24:55
, 2018-4-22T11:40:6
, 2019-5-23T14:45:22
, 2015-11-20T12:4:34
, 2017-5-13T9:33:52
, 2019-3-29T12:25:10
, 2014-8-3T12:15:30
, 2016-5-18T16:7:41
, 2017-1-21T14:32:33
, 2019-5-5T9:27:34
, 2019-2-9T14:10:2
, 2015-1-15T10:57:38
, 2015-7-15T16:47:25
, 2017-4-13T12:24:21
, 2015-3-25T15:26:32
, 2020-6-20T12:46:37
, 2015-9-25T9:55:46
, 2014-2-21T14:50:55
, 2014-4-16T13:25:38
, 2019-5-18T14:26:22
, 2015-7-1T14:50:14
, 2019-3-12T16:33:47
, 2020-7-9T12:6:31
, 2015-8-23T12:58:48
, 2020-5-21T12:0:3
, 2016-4-9T15:34:2
, 2017-1-18T13:26:50
, 2020-10-25T14:13:23
, 2016-4-28T12:2:1
, 2015-7-13T8:44:8
, 2019-2-12T14:36:23
, 2016-3-8T13:56:52
, 2019-11-28T15:38:58
, 2014-9-28T15:13:36
, 2017-1-17T10:2:16
, 2018-8-1T9:13:6
, 2014-7-2T10:38:22
, 2015-6-10T9:42:31
, 2015-8-21T15:51:29
, 2016-1-3T16:30:32
, 2015-4-26T8:58:52
, 2017-7-26T8:2:33
, 2018-1-14T8:45:36
, 2016-2-8T10:58:35
, 2018-4-4T11:31:10
, 2019-5-18T14:35:28
, 2015-7-7T16:5:35
, 2014-6-17T12:21:32
, 2018-3-19T10:48:20
, 2018-9-15T8:45:58
, 2018-1-2T14:38:23
, 2017-1-27T12:12:22
, 2018-7-4T15:27:38
, 2020-5-14T9:15:11
, 2014-4-11T12:58:45
, 2020-5-10T9:3:41
, 2017-6-7T11:46:8
, 2015-7-24T14:58:6
, 2014-4-22T13:16:5
, 2020-11-27T15:11:24
, 2020-11-5T12:11:51
, 2020-8-1T11:14:39
, 2019-11-13T8:17:14
, 2020-3-2T9:58:57
, 2018-2-16T16:2:44
, 2015-8-23T14:24:41
, 2015-10-10T16:31:12
, 2020-7-10T13:45:22
, 2019-2-18T15:34:37
, 2016-5-17T9:25:58
, 2018-8-12T15:20:47
, 2019-1-9T12:24:47
, 2017-4-23T11:11:0
, 2016-2-7T10:7:38
, 2016-10-14T10:39:3
, 2016-10-27T9:1:13
, 2019-1-21T11:0:43
, 2015-3-23T15:18:28
, 2016-3-13T14:38:11
, 2019-9-25T11:36:7
, 2020-7-25T12:40:58
, 2014-5-24T14:16:51
, 2020-5-28T16:36:36
, 2017-4-7T8:27:35
, 2016-4-5T15:18:17
, 2020-10-7T15:36:33
, 2017-6-27T10:41:47
, 2018-5-8T9:34:21
, 2018-4-10T16:26:23
, 2015-6-1T14:10:8
, 2019-11-17T11:38:31
, 2017-10-1T8:51:48
, 2020-1-11T9:38:0
, 2020-7-16T13:51:38
, 2015-10-21T8:30:13
, 2014-6-19T10:56:45
, 2017-6-7T13:56:52
, 2016-7-5T11:57:11
, 2016-10-15T15:9:24
, 2014-5-3T10:19:1
, 2016-5-2T10:16:49
, 2020-9-20T16:31:46
, 2014-3-21T10:58:27
, 2014-7-25T14:34:53
, 2019-10-26T14:37:43
, 2018-10-16T15:25:9
, 2019-7-27T13:12:55
, 2020-4-20T9:31:32
, 2016-4-22T12:47:40
, 2017-4-7T15:10:5
, 2019-3-12T10:15:30
, 2014-1-7T9:40:13
, 2018-2-4T13:31:28
, 2020-4-20T15:51:30
, 2019-3-25T16:42:57
, 2017-5-4T10:6:33
, 2018-1-25T16:49:35
, 2020-6-29T13:1:12
, 2016-8-20T16:52:13
, 2017-2-3T13:36:43
, 2017-1-19T16:53:27
, 2015-4-25T11:8:23
, 2014-2-22T9:31:31
, 2015-5-11T13:36:3
, 2015-3-23T11:58:0
, 2019-8-5T10:40:31
, 2017-10-21T15:56:20
, 2015-6-29T11:31:53
, 2020-2-9T14:47:57
, 2014-3-19T13:54:49
, 2018-2-14T8:16:53
, 2015-3-9T13:14:6
, 2017-3-2T12:20:36
, 2020-7-4T16:31:42
, 2014-3-17T13:32:50
, 2018-7-28T9:21:45
, 2019-1-25T16:29:56
, 2018-7-26T15:13:15
, 2017-3-4T15:2:24
, 2017-4-12T13:4:41
, 2020-1-2T14:36:10
, 2015-11-1T13:22:47
, 2014-10-8T10:58:13
, 2020-10-26T14:28:51
, 2014-2-12T8:7:10
, 2017-8-3T15:10:51
, 2018-6-19T16:31:53
, 2019-6-14T16:58:3
, 2020-3-14T10:21:14
, 2016-3-11T10:36:13
, 2014-4-17T15:19:42
, 2015-10-1T13:7:14
, 2019-9-9T8:16:31
, 2018-7-6T15:44:14
, 2016-3-6T15:37:7
, 2019-11-29T12:19:58
, 2018-6-20T10:12:47
, 2017-7-4T9:34:57
, 2017-3-24T15:47:27
, 2018-1-15T16:9:44
, 2019-9-18T12:40:21
, 2015-10-21T15:52:35
, 2018-11-5T16:54:7
, 2014-11-27T11:5:24
, 2017-11-15T10:5:44
, 2016-9-25T9:12:57
, 2015-7-28T9:31:9
, 2016-4-23T10:11:18
, 2017-10-26T14:31:12
, 2019-5-20T10:33:45
, 2017-2-1T16:47:9
, 2019-3-21T14:47:52
, 2015-1-19T10:10:20
, 2017-2-1T15:1:4
, 2016-10-23T12:12:6
, 2020-10-12T15:43:12
, 2014-3-10T13:21:43
, 2019-1-19T8:15:13
, 2020-2-22T9:40:25
, 2017-4-14T9:1:40
, 2019-11-8T16:20:11
, 2017-2-1T12:10:50
, 2014-2-9T13:22:13
, 2016-8-21T8:23:18
, 2018-8-25T11:46:39
, 2015-2-7T8:21:12
, 2015-3-24T8:9:7
, 2018-6-18T10:47:54
, 2016-2-20T13:6:9
, 2014-2-10T14:24:25
, 2019-11-1T11:21:30
, 2020-4-15T10:7:31
, 2019-3-25T12:37:21
, 2017-1-12T11:5:12
, 2016-5-17T13:35:53
, 2016-11-4T12:54:8
, 2016-10-19T9:38:13
, 2018-9-4T11:6:22
, 2015-8-4T16:34:40
, 2017-2-9T11:7:45
, 2020-11-27T9:49:15
, 2020-1-19T10:32:8
, 2020-5-11T14:39:23
, 2019-7-16T12:0:1
, 2018-11-3T16:0:36
, 2014-10-18T14:43:23
, 2018-7-5T15:9:26
, 2020-6-1T14:28:0
, 2020-6-6T15:43:41
, 2015-3-17T12:6:27
, 2017-6-13T11:10:48
, 2017-3-25T15:9:8
, 2016-3-4T12:6:5
, 2019-8-4T10:57:19
, 2017-10-1T13:0:7
, 2014-5-11T13:42:3
, 2019-7-5T15:42:54
, 2014-2-7T12:43:22
, 2015-1-25T13:29:17
, 2014-8-2T15:55:5
, 2020-4-24T14:15:23
, 2016-11-4T11:54:47
, 2019-11-26T9:17:42
, 2015-7-10T13:18:20
, 2019-3-13T12:24:47
, 2015-8-9T9:52:10
, 2018-9-19T14:22:5
, 2016-10-1T12:17:41
, 2019-7-7T15:36:42
, 2019-8-13T13:29:30
, 2016-9-16T10:16:31
, 2014-4-29T14:27:53
, 2016-2-8T13:51:5
, 2015-10-7T11:45:13
, 2015-3-10T12:22:57
, 2018-9-12T10:0:35
, 2015-7-13T11:41:1
, 2014-5-16T13:34:44
, 2016-7-11T13:35:14
, 2015-8-29T10:15:49
, 2015-4-25T15:24:18
, 2020-7-16T15:52:39
, 2016-10-6T16:16:46
, 2019-9-26T14:12:14
, 2015-5-20T15:26:10
, 2020-7-28T9:24:55
, 2016-10-5T10:13:0
, 2019-5-15T15:50:34
, 2018-11-5T11:17:37
, 2014-9-29T13:5:24
, 2015-3-21T10:24:46
, 2020-6-5T10:7:24
, 2015-6-3T10:47:37
, 2019-10-25T14:50:9
, 2015-7-8T10:3:54
, 2016-10-16T10:7:1
, 2019-10-16T14:27:58
, 2017-8-24T13:32:35
, 2019-3-26T13:47:46
, 2015-2-18T10:19:0
, 2015-10-22T12:33:50
, 2014-7-27T16:3:18
, 2020-8-16T12:3:50
, 2020-7-15T15:26:43
, 2017-3-23T15:2:28
, 2015-1-7T9:54:27
, 2020-10-10T14:28:35
, 2020-3-20T14:31:25
, 2015-3-17T10:47:53
, 2018-11-11T16:12:5
, 2018-8-21T14:12:34
, 2017-11-12T14:20:42
, 2017-4-19T11:20:40
, 2018-3-18T16:26:1
, 2017-2-29T12:43:19
, 2019-7-2T11:34:17
, 2019-10-21T8:50:33
, 2019-1-22T8:17:2
, 2019-11-13T11:4:43
, 2017-6-8T15:11:24
, 2018-7-26T11:50:43
, 2018-3-27T11:42:4
, 2017-8-19T14:12:36
, 2017-7-1T14:43:50
, 2015-4-15T16:17:17
, 2015-2-5T12:20:40
, 2017-7-20T8:51:48
, 2015-1-5T11:13:29
, 2018-2-22T13:53:51
, 2018-3-16T14:27:30
, 2017-8-19T8:44:10
, 2017-9-12T10:21:58
, 2020-1-13T13:57:31
, 2020-4-16T16:27:47
, 2019-7-1T10:53:31
, 2020-7-21T11:32:33
, 2018-8-23T15:2:22
, 2014-1-14T14:1:35
, 2020-4-26T11:22:18
, 2018-3-7T9:42:15
, 2019-7-12T8:7:53
, 2014-6-8T9:53:7
, 2015-11-21T8:15:13
, 2019-10-16T16:16:6
, 2015-11-1T11:5:23
, 2017-1-3T8:15:36
, 2015-11-9T11:58:16
, 2016-2-7T15:33:10
, 2014-7-19T14:19:22
, 2015-10-29T12:40:11
, 2015-9-18T15:28:0
, 2019-7-16T10:22:29
, 2017-6-5T15:40:25
, 2014-7-12T11:47:54
, 2016-4-14T12:40:48
, 2015-6-18T13:2:20
, 2016-8-2T15:3:15
, 2015-11-9T11:31:32
, 2017-2-23T12:21:0
, 2014-11-12T16:52:21
, 2016-3-10T14:15:11
, 2016-7-28T15:27:38
, 2014-11-21T13:49:7
, 2015-10-23T9:31:56
, 2020-1-14T11:39:28
, 2019-8-3T8:3:8
, 2016-9-22T14:34:44
, 2016-10-25T8:4:26
, 2017-5-11T10:43:3
, 2016-4-2T14:22:18
, 2019-8-2T8:44:28
, 2016-8-1T15:2:31
, 2017-7-19T9:6:16
, 2019-6-29T14:33:1
, 2016-8-18T11:16:4
, 2015-10-12T15:9:10
, 2015-1-28T16:38:23
, 2016-7-25T10:7:4
, 2014-5-23T15:50:1
, 2017-1-6T11:13:13
, 2019-11-18T14:32:56
, 2020-4-7T14:30:12
, 2020-4-9T9:6:39
, 2015-1-16T14:24:14
, 2015-4-21T12:11:4
, 2016-11-26T11:34:13
, 2019-1-1T8:51:6
, 2018-4-23T14:22:9
, 2016-9-25T16:58:32
, 2016-11-6T9:4:43
, 2016-8-13T9:40:50
, 2015-7-8T8:42:22
, 2016-8-13T14:50:9
, 2018-2-8T8:41:30
, 2014-10-20T16:38:37
, 2015-9-7T14:51:47
, 2019-5-9T8:15:33
, 2018-11-21T12:55:49
, 2017-8-25T9:48:10
, 2014-1-21T16:13:47
, 2020-1-3T16:52:24
, 2017-11-7T15:7:23
, 2017-6-19T9:1:40
, 2017-1-12T13:8:36
, 2015-11-21T16:8:15
, 2018-10-11T12:38:2
, 2014-10-20T13:27:46
, 2016-10-28T13:19:57
, 2016-8-16T13:43:24
, 2019-4-24T9:42:12
, 2019-3-13T10:35:30
, 2018-10-28T8:8:44
, 2019-5-8T8:51:5
, 2019-11-11T14:20:19
, 2014-10-16T14:31:56
, 2014-8-26T13:56:31
, 2015-1-12T10:33:31
, 2018-8-28T12:36:26
, 2019-4-25T9:32:26
, 2015-10-11T12:16:48
, 2019-6-25T13:22:35
, 2016-4-22T12:23:9
, 2019-11-23T13:16:26
, 2020-4-28T13:51:51
, 2018-6-11T8:53:1
, 2015-11-17T12:14:38
, 2019-9-10T14:22:54
, 2017-4-5T14:36:19
, 2017-5-3T10:6:56
, 2020-8-5T10:36:48
, 2015-3-26T10:5:9
, 2015-11-1T16:54:7
, 2018-9-23T14:30:26
, 2019-2-25T12:48:45
, 2015-9-26T16:31:21
, 2020-10-6T11:37:6
, 2015-7-10T8:40:5
, 2015-1-20T9:10:35
, 2018-11-18T10:28:31
, 2015-3-4T12:44:34
, 2014-11-29T11:18:58
, 2014-1-25T16:44:41
, 2014-5-1T14:50:17
, 2015-3-23T10:28:52
, 2016-6-15T12:39:46
, 2017-7-8T14:44:39
, 2015-11-22T13:2:50
, 2015-7-25T13:42:22
, 2016-1-14T15:21:6
, 2018-11-16T16:53:38
, 2019-7-17T8:29:48
, 2020-7-4T9:50:40
, 2017-5-19T15:35:56
, 2014-7-7T9:43:54
, 2020-5-18T16:3:45
, 2015-6-4T8:41:48
, 2017-9-6T15:3:29
, 2015-11-14T8:21:21
, 2017-5-23T9:26:9
, 2018-10-27T8:6:10
, 2018-10-23T11:28:39
, 2015-4-9T11:3:1
, 2018-3-18T16:24:34
, 2014-9-5T15:18:9
, 2016-10-21T12:48:35
, 2015-2-6T16:52:55
, 2019-11-28T16:48:50
, 2019-1-6T8:15:51
, 2015-11-8T10:0:30
, 2019-10-4T16:6:23
, 2018-10-10T9:28:0
, 2018-10-15T14:35:28
, 2018-6-4T14:20:27
, 2016-11-15T10:58:24
, 2020-9-5T13:10:22
, 2017-3-23T9:48:26
, 2014-8-15T10:44:24
, 2015-6-23T15:0:6
, 2016-8-6T14:23:37
, 2019-8-27T16:20:53
, 2019-9-17T12:24:21
, 2015-1-8T13:50:5
, 2020-1-14T12:27:45
, 2017-4-9T16:24:50
, 2020-11-11T15:19:32
, 2020-6-16T14:26:2
, 2017-4-5T13:30:43
, 2015-11-10T8:58:4
, 2017-6-1T9:57:33
, 2018-1-16T11:3:6
, 2014-10-22T8:46:10
, 2019-5-18T12:30:16
, 2016-6-20T12:55:0
, 2019-10-14T15:33:53
, 2015-2-3T13:28:28
, 2017-5-14T12:27:31
, 2014-8-29T13:32:40
, 2018-6-19T11:43:40
, 2018-3-25T11:50:50
, 2020-3-3T8:58:24
, 2017-6-3T10:8:21
, 2014-9-10T8:58:31
, 2018-5-11T15:53:24
, 2015-11-4T12:27:15
, 2019-11-29T10:37:12
, 2019-6-25T15:6:52
, 2014-10-23T8:42:45
, 2020-4-27T9:48:6
, 2020-7-25T8:45:6
, 2015-1-18T10:25:52
, 2020-7-12T10:8:56
, 2014-2-6T12:14:55
, 2018-2-2T16:10:17
, 2017-7-19T15:17:48
, 2018-10-3T9:53:21
, 2015-7-9T10:48:7
, 2014-1-18T12:47:47
, 2020-9-3T12:12:16
, 2020-7-17T13:11:10
, 2014-3-29T10:34:7
, 2017-7-24T15:33:45
, 2015-9-12T12:2:20
, 2020-4-28T12:28:51
, 2016-9-15T11:9:57
, 2016-10-5T11:30:46
, 2018-3-14T9:9:16
, 2014-2-18T14:51:2
, 2018-6-13T11:58:7
, 2019-8-5T10:41:28
, 2014-3-15T14:53:23
, 2014-5-16T9:28:18
, 2014-1-19T11:13:16
, 2016-2-21T16:20:48
, 2014-3-25T9:36:46
, 2014-11-18T9:24:5
, 2016-10-1T16:37:22
, 2015-6-20T10:9:13
, 2017-10-4T13:12:3
, 2017-2-3T10:58:12
, 2020-3-8T12:24:12
, 2018-5-16T10:55:48
, 2015-10-29T8:53:11
, 2014-2-8T12:24:31
, 2014-4-6T11:44:13
, 2017-3-27T14:6:41
, 2019-6-10T9:44:46
, 2019-2-10T9:32:32
, 2018-9-23T9:49:43
, 2019-9-4T10:50:5
, 2019-4-17T15:51:53
, 2016-2-18T13:51:16
, 2020-9-21T14:31:57
, 2017-9-24T11:43:4
, 2015-9-19T13:28:16
, 2015-5-2T14:37:11
, 2014-6-14T11:17:34
, 2019-3-5T8:41:12
, 2014-6-19T8:56:0
, 2017-11-21T13:8:2
, 2020-6-9T14:39:28
, 2017-3-1T14:26:24
, 2014-3-3T9:55:12
, 2019-6-16T12:18:10
, 2017-3-4T16:3:15
, 2019-6-24T14:9:7
, 2018-5-16T12:7:13
, 2016-10-8T8:6:39
, 2015-8-28T10:45:4
, 2014-5-24T10:5:17
, 2020-10-25T14:28:32
, 2018-11-12T13:51:26
, 2015-11-8T12:47:17
, 2014-5-22T15:25:36
, 2019-2-3T14:58:30
, 2015-8-7T13:50:51
, 2020-7-18T11:51:8
, 2019-6-26T12:49:21
, 2018-10-15T14:55:11
, 2017-4-11T10:15:49
, 2016-3-18T15:58:32
, 2017-11-27T13:48:17
, 2014-3-17T9:14:50
, 2017-6-3T14:19:34
, 2019-2-12T16:2:8
, 2017-10-19T13:14:40
, 2020-6-18T8:8:53
, 2016-2-17T13:40:45
, 2020-2-24T16:4:6
, 2019-8-17T16:11:8
, 2019-3-27T11:19:3
, 2015-5-19T11:7:42
, 2019-10-24T15:24:46
, 2018-9-5T12:16:34
, 2016-6-17T8:30:16
, 2014-10-1T11:10:20
, 2015-11-6T13:12:10
, 2015-3-7T9:47:34
, 2015-9-27T8:33:48
, 2014-8-5T10:47:39
, 2018-8-5T14:11:1
, 2014-5-24T13:50:40
, 2016-3-5T11:58:2
, 2015-2-22T12:56:0
, 2018-9-2T8:34:6
, 2019-3-27T15:12:0
, 2019-1-4T13:16:31
, 2018-2-21T12:18:53
, 2017-5-16T10:56:6
, 2019-11-6T13:49:57
, 2020-7-7T16:56:36
, 2020-10-10T11:39:45
, 2020-2-12T16:57:34
, 2015-1-2T10:53:42
, 2020-7-26T11:21:2
, 2014-4-5T14:3:44
, 2014-9-6T9:24:6
, 2016-7-23T16:47:11
, 2019-2-27T8:28:34
, 2019-3-8T16:1:8
, 2018-10-28T9:12:45
, 2020-2-21T12:38:1
, 2015-6-7T14:13:7
, 2015-10-5T15:46:28
, 2014-11-21T11:57:46
, 2016-3-28T16:33:22
, 2017-10-11T10:39:13
, 2016-1-26T13:42:16
, 2017-8-29T10:6:52
, 2016-1-24T16:0:42
, 2018-6-23T13:49:14
, 2017-3-4T15:16:7
, 2016-6-22T16:27:6
, 2015-1-4T8:20:4
, 2018-5-29T8:15:21
, 2020-7-16T14:20:25
, 2020-7-15T14:1:47
, 2017-11-19T9:29:24
, 2018-6-23T10:56:1
, 2018-9-8T14:2:41
, 2017-8-9T12:10:41
, 2014-2-20T9:2:33
, 2018-6-25T16:54:12
, 2019-1-12T16:26:40
, 2017-11-4T13:25:5
, 2018-3-10T13:50:49
, 2014-2-1T8:21:41
, 2016-8-16T9:42:36
, 2017-11-2T14:7:5
, 2020-1-5T16:39:5
, 2018-11-18T15:57:47
, 2018-3-6T9:35:31
, 2014-10-4T13:31:32
, 2015-4-13T14:44:14
, 2015-7-28T13:47:27
, 2016-5-7T15:44:32
, 2018-8-11T12:48:6
, 2019-3-23T8:24:6
, 2020-11-24T14:10:45
, 2020-4-26T13:12:17
, 2014-2-9T8:44:20
, 2014-9-1T13:44:48
, 2020-4-15T14:24:33
, 2019-3-14T16:9:55
, 2020-3-6T12:11:16
, 2015-2-26T13:52:3
, 2016-2-11T16:23:13
, 2016-10-2T11:49:3
, 2016-5-24T14:49:54
, 2018-10-4T9:13:10
, 2020-7-13T13:13:29
, 2016-8-10T12:7:14
, 2017-10-23T10:3:42
, 2020-3-13T16:38:26
, 2014-4-22T16:2:58
, 2016-7-2T13:22:44
, 2014-5-19T8:54:21
, 2014-4-18T11:57:0
, 2017-9-24T15:33:56
, 2015-7-4T11:19:30
, 2014-11-21T12:24:13
, 2020-1-19T14:9:9
, 2018-10-18T11:47:43
, 2015-6-17T16:38:21
, 2016-11-29T14:14:28
, 2019-2-11T16:25:16
, 2014-3-23T14:56:7
, 2019-1-3T14:54:24
, 2019-3-28T8:44:10
, 2014-10-16T15:42:21
, 2014-8-28T15:42:51
, 2020-3-15T9:48:15
, 2016-9-18T8:30:12
, 2017-1-20T9:55:16
, 2016-5-21T9:29:53
, 2014-8-1T12:36:26
, 2020-7-28T16:49:32
, 2018-2-4T13:58:48
, 2018-8-29T16:27:56
, 2014-7-1T13:43:35
, 2020-10-22T9:38:9
, 2016-1-22T9:42:12
, 2018-2-14T16:4:15
, 2017-11-21T8:6:28
, 2019-3-15T15:37:8
, 2014-2-1T15:3:6
, 2020-2-6T12:44:21
, 2020-5-13T10:5:38
, 2020-9-14T11:53:47
, 2018-10-20T12:36:15
, 2014-9-10T10:2:43
, 2015-3-15T13:2:39
, 2014-3-22T15:3:42
, 2017-3-13T15:3:48
, 2017-3-27T14:0:37
, 2019-11-13T16:46:43
, 2015-8-6T15:8:37
, 2016-7-21T11:57:45
, 2014-2-8T14:7:1
, 2020-11-17T8:57:33
, 2019-9-25T11:9:28
, 2015-11-1T14:40:21
, 2016-6-26T16:17:25
, 2014-4-2T12:18:6
, 2016-11-27T16:41:50
, 2019-2-20T16:36:47
, 2018-8-16T8:47:35
, 2019-7-25T13:19:0
, 2015-7-15T11:21:5
, 2018-6-14T16:36:6
, 2014-9-26T9:44:44
, 2015-2-9T8:8:6
, 2015-6-12T16:43:35
, 2014-11-17T15:1:54
, 2020-7-4T14:51:53
, 2017-9-22T16:53:34
, 2020-8-27T11:16:27
, 2020-8-20T16:53:48
, 2014-1-25T13:12:45
, 2014-8-21T11:22:54
, 2017-9-28T8:52:27
, 2020-7-4T8:3:1
, 2017-1-11T16:12:10
, 2020-2-1T9:19:28
, 2019-11-29T8:52:10
, 2018-3-7T15:52:45
, 2017-9-16T15:57:6
, 2018-5-27T14:39:55
, 2018-8-15T8:8:12
, 2016-3-1T15:53:43
, 2018-9-18T10:40:21
, 2015-9-1T9:4:20
, 2015-9-19T11:4:20
, 2017-6-5T11:41:56
, 2014-8-27T14:46:39
, 2016-8-15T16:10:21
, 2019-5-19T15:36:19
, 2016-7-6T8:57:41
, 2020-9-17T14:35:10
, 2019-10-17T12:13:53
, 2015-3-9T11:27:4
, 2019-5-3T11:37:54
, 2017-8-22T11:55:7
, 2014-2-23T8:29:14
, 2015-11-17T15:4:3
, 2017-5-24T15:5:11
, 2019-7-26T9:30:36
, 2018-2-27T13:14:20
, 2015-5-3T13:22:27
, 2019-3-28T11:18:36
, 2017-1-9T9:42:49
, 2014-10-9T12:26:21
, 2014-5-18T10:56:32
, 2019-4-10T16:55:39
, 2014-1-12T13:16:39
, 2017-11-15T15:17:0
, 2017-8-13T11:40:44
, 2015-2-19T11:10:30
, 2014-3-25T16:37:28
, 2016-6-14T14:1:37
, 2020-3-27T14:50:14
, 2019-2-11T15:20:12
, 2020-9-4T9:22:20
, 2018-2-7T9:38:54
, 2018-6-19T10:8:18
, 2018-9-18T12:52:57
, 2018-2-13T10:16:18
, 2016-9-1T9:14:12
, 2018-2-13T13:26:47
, 2016-8-12T11:53:6
, 2017-2-27T13:28:47
, 2015-11-15T15:30:18
, 2018-9-26T14:30:12
, 2014-11-1T14:10:24
, 2017-3-6T13:7:23
, 2017-3-19T10:27:5
, 2015-9-5T10:19:27
, 2015-9-11T12:54:28
, 2016-1-6T15:27:57
, 2020-5-27T15:0:32
, 2018-6-4T9:33:42
, 2017-5-11T14:55:18
, 2015-9-18T13:28:2
, 2017-3-10T10:2:8
, 2017-1-15T9:23:26
, 2016-9-2T11:26:32
, 2020-3-6T12:18:20
, 2015-4-3T8:19:13
, 2015-4-16T11:36:49
, 2015-6-6T11:41:13
, 2018-9-25T8:41:9
, 2015-1-23T16:38:21
, 2015-3-4T13:32:46
, 2015-1-26T13:46:5
, 2018-6-13T10:34:13
, 2015-10-20T8:19:24
, 2018-5-22T14:26:7
, 2017-4-8T15:28:44
, 2015-6-27T10:32:29
, 2016-1-22T15:23:38
, 2017-1-6T8:1:25
, 2014-7-18T13:28:57
, 2019-10-9T12:0:6
, 2018-7-13T15:40:54
, 2014-11-24T10:2:21
, 2020-11-16T15:23:5
, 2014-10-6T10:8:42
, 2019-3-11T9:58:41
, 2020-10-26T15:1:48
, 2016-8-16T15:1:8
, 2014-1-4T9:9:5
, 2020-9-24T12:56:48
, 2017-11-6T8:53:6
, 2019-8-20T14:48:29
, 2017-10-3T8:39:28
, 2014-7-9T12:7:29
, 2016-3-16T14:3:43
, 2014-4-16T12:32:44
, 2019-11-15T12:27:1
, 2014-6-10T12:53:18
, 2017-4-7T13:46:10
, 2015-8-4T15:9:37
, 2020-4-8T10:48:54
, 2015-6-29T15:55:8
, 2016-8-10T15:24:29
, 2020-11-27T10:1:0
, 2020-6-5T15:10:4
, 2015-6-23T13:55:39
, 2014-4-11T16:48:44
, 2014-3-9T9:58:32
, 2017-7-19T8:12:30
, 2016-4-19T16:3:16
, 2019-1-7T14:34:31
, 2019-9-7T12:16:52
, 2014-2-15T10:11:39
, 2015-8-9T9:16:17
, 2017-5-26T15:8:45
, 2015-11-28T11:0:40
, 2015-2-9T12:12:20
, 2016-10-22T16:11:54
, 2014-8-19T13:29:23
, 2020-10-17T16:31:12
, 2020-4-28T14:30:57
, 2018-6-23T9:47:15
, 2020-3-25T14:44:41
, 2017-9-23T9:55:52
, 2017-11-10T11:56:48
, 2014-5-6T11:54:50
, 2016-1-16T8:18:9
, 2015-8-27T11:38:16
, 2017-6-27T15:28:14
, 2016-10-29T15:6:54
, 2017-2-16T15:13:17
, 2020-9-10T11:49:44
, 2017-7-9T15:48:1
, 2014-3-25T15:4:20
, 2020-2-4T15:50:35
, 2015-3-2T10:15:31
, 2014-8-26T13:27:57
, 2020-9-20T13:12:54
, 2019-3-5T13:25:33
, 2017-3-7T9:24:35
, 2016-8-23T14:22:29
, 2017-6-11T10:14:49
, 2017-10-20T11:1:10
, 2017-7-7T14:18:21
, 2020-6-11T11:34:50
, 2016-11-22T9:49:45
, 2017-4-28T8:49:22
, 2020-11-18T12:34:44
, 2015-11-7T10:11:17
, 2019-1-11T16:14:35
, 2018-1-1T12:31:57
, 2015-10-16T8:28:38
, 2018-7-14T11:36:28
, 2016-3-12T10:26:30
, 2014-2-27T13:50:13
, 2014-7-8T14:13:13
, 2014-1-27T13:23:0
, 2017-8-10T10:39:9
, 2014-9-10T11:16:43
, 2017-11-22T16:26:46
, 2017-3-29T9:48:4
, 2018-6-7T9:21:1
, 2016-6-5T15:42:50
, 2020-6-13T14:17:8
, 2018-11-26T13:1:32
, 2018-2-20T16:56:20
, 2020-1-21T10:39:24
, 2019-9-13T16:18:52
, 2014-4-27T15:36:14
, 2014-1-17T8:4:46
, 2020-1-25T10:44:15
, 2014-2-12T12:12:57
, 2015-6-11T16:57:54
, 2015-4-6T16:17:20
, 2016-1-17T14:21:16
, 2014-8-11T8:27:40
, 2019-5-26T11:58:37
, 2014-5-12T12:37:52
, 2016-1-6T10:34:35
, 2020-10-11T15:18:35
, 2016-10-1T16:16:1
, 2014-11-21T9:55:57
, 2019-6-14T13:39:32
, 2016-3-9T11:26:11
, 2016-7-22T15:46:30
, 2014-1-23T11:56:11
, 2020-11-19T12:25:48
, 2020-2-20T8:33:4
, 2019-10-20T15:25:39
, 2018-4-19T14:49:55
, 2020-11-27T9:3:5
, 2015-10-10T16:58:21
, 2017-10-3T15:7:43
, 2020-1-6T10:10:19
, 2018-10-29T13:47:5
, 2017-11-9T8:12:1
, 2020-9-29T16:43:31
, 2016-2-1T9:54:35
, 2018-6-4T14:29:22
, 2020-3-14T16:49:3
, 2014-8-23T11:22:53
, 2017-4-8T13:43:3
, 2018-5-13T10:10:3
, 2020-9-12T14:18:3
, 2018-9-9T9:41:53
, 2016-9-12T13:31:32
, 2018-3-28T14:41:16
, 2015-2-2T16:30:41
, 2019-1-17T9:17:47
, 2018-4-10T9:34:6
, 2020-1-5T16:26:9
, 2018-5-9T14:57:39
, 2020-5-26T12:18:7
, 2020-9-22T8:10:41
, 2020-11-15T12:22:19
, 2015-2-2T13:5:39
, 2018-9-16T9:53:1
, 2018-2-19T16:27:13
, 2016-9-14T11:42:10
, 2015-8-25T15:16:53
, 2017-11-23T8:42:4
, 2019-9-24T15:18:53
, 2019-8-16T14:5:45
, 2015-10-2T13:58:51
, 2019-11-13T12:12:15
, 2016-1-9T16:56:27
, 2016-1-2T9:16:47
, 2020-3-28T10:58:9
, 2015-3-29T16:41:48
, 2018-10-2T10:21:47
, 2020-8-5T13:55:41
, 2015-1-19T14:16:34
, 2015-9-1T11:20:3
, 2014-8-15T16:56:5
, 2017-11-11T16:8:14
, 2018-4-16T16:44:31
, 2015-4-2T11:57:27
, 2017-7-24T11:32:3
, 2016-3-23T15:56:50
, 2019-8-4T15:27:30
, 2014-8-18T9:26:28
, 2017-8-11T8:7:40
, 2020-11-25T12:28:49
, 2019-5-4T10:3:6
, 2017-2-8T11:34:20
, 2014-5-12T8:17:57
, 2014-3-6T16:52:47
, 2015-11-4T10:9:34
, 2019-11-14T10:0:32
, 2015-7-21T13:53:58
, 2017-11-16T12:30:32
, 2014-6-4T13:27:51
, 2019-3-10T10:24:57
, 2014-7-2T11:24:2
, 2015-1-14T12:18:32
, 2014-9-22T9:16:33
, 2016-6-15T11:49:49
, 2015-5-5T9:22:43
, 2020-8-22T15:18:20
, 2014-7-23T14:55:58
, 2019-6-3T16:27:18
, 2016-9-23T8:54:39
, 2018-8-25T13:0:25
, 2020-11-9T11:8:32
, 2017-5-27T8:49:57
, 2016-10-9T14:22:7
, 2014-5-1T15:49:10
, 2017-7-5T9:33:34
, 2015-7-5T13:14:1
, 2014-5-22T8:48:21
, 2018-7-23T14:19:44
, 2019-1-15T10:33:31
, 2020-8-19T14:42:54
, 2015-10-4T9:27:13
, 2020-9-29T10:1:58
, 2019-2-6T12:47:55
, 2017-7-22T16:1:37
, 2018-2-5T8:14:12
, 2016-6-17T15:36:5
, 2016-4-23T8:7:50
, 2014-8-25T13:16:13
, 2019-11-21T11:19:45
, 2020-2-8T12:10:9
, 2018-6-1T15:0:23
, 2019-8-9T10:3:47
, 2018-1-24T13:40:23
, 2015-7-3T8:4:9
, 2020-11-22T13:7:33
, 2018-5-24T16:49:6
, 2014-11-11T10:4:14
, 2020-8-23T9:6:14
, 2018-9-20T14:46:17
, 2016-9-25T9:26:16
, 2014-6-22T13:13:24
, 2019-1-23T11:12:44
, 2017-9-18T13:43:21
, 2017-9-9T16:18:47
, 2020-9-10T13:32:49
, 2020-9-29T14:24:41
, 2019-2-21T9:24:45
, 2018-9-5T14:39:20
, 2015-5-24T11:32:45
, 2019-3-22T10:7:7
, 2016-5-14T14:23:44
, 2016-9-21T12:46:46
, 2017-9-24T15:8:34
, 2019-7-7T11:55:29
, 2015-3-29T13:8:18
, 2020-8-24T13:35:35
, 2015-9-1T13:42:9
, 2016-11-23T15:26:28
, 2016-2-4T15:47:10
, 2017-8-10T16:57:12
, 2015-2-22T11:22:3
, 2018-9-21T14:51:19
, 2018-5-6T8:20:6
, 2015-5-8T9:55:4
, 2018-1-17T10:12:35
, 2019-2-23T14:17:17
, 2018-3-26T8:21:7
, 2019-1-1T9:30:30
, 2020-3-2T14:53:9
, 2018-11-3T14:54:1
, 2019-5-17T16:21:20
, 2020-6-22T12:53:39
, 2019-7-25T12:43:0
, 2015-2-13T13:19:47
, 2018-1-20T14:41:4
, 2015-7-3T10:27:1
, 2015-10-5T10:29:11
, 2020-3-20T8:40:41
, 2016-8-6T15:40:20
, 2017-3-29T16:1:3
, 2016-3-19T9:23:51
, 2016-5-12T15:39:3
, 2017-1-24T15:55:0
, 2019-7-21T14:23:11
, 2015-6-17T10:58:56
, 2015-6-3T16:24:9
, 2014-9-8T8:6:46
, 2017-3-11T14:55:26
, 2019-3-25T16:7:24
, 2018-2-21T13:43:31
, 2015-6-17T16:19:30
, 2017-9-10T8:48:18
, 2015-5-13T15:30:36
, 2020-10-3T11:1:37
, 2019-5-26T11:15:46
, 2014-7-24T11:32:38
, 2019-6-11T16:4:12
, 2014-2-4T8:58:49
, 2018-6-14T10:18:45
, 2019-5-9T11:26:6
, 2014-4-25T9:15:7
, 2019-10-14T13:6:48
, 2017-4-26T12:56:43
, 2016-4-15T9:48:18
, 2018-7-28T16:57:20
, 2015-8-15T15:40:38
, 2015-1-19T12:14:19
, 2020-5-5T14:1:19
, 2020-5-11T10:26:58
, 2018-5-20T16:52:49
, 2017-8-13T16:17:57
, 2014-4-4T8:13:0
, 2019-2-12T12:57:41
, 2018-8-27T12:58:40
, 2020-3-14T11:46:52
, 2018-6-3T8:54:32
, 2020-6-20T12:8:52
, 2018-7-7T15:8:27
, 2018-8-15T11:9:39
, 2015-4-9T16:0:0
, 2017-3-10T10:23:4
, 2019-9-9T16:37:14
, 2019-8-27T14:34:38
, 2020-11-3T14:21:11
, 2014-4-9T11:47:4
, 2014-5-29T11:44:34
, 2016-11-2T9:35:35
, 2018-6-16T14:54:54
, 2015-6-10T15:15:34
, 2015-4-18T15:21:57
, 2014-11-15T16:35:22
, 2020-6-24T14:42:53
, 2014-6-29T11:34:29
, 2015-1-19T8:26:47
, 2014-8-26T10:57:28
, 2015-3-28T9:29:36
, 2018-11-9T16:53:51
, 2019-7-3T9:18:15
, 2020-9-16T11:37:23
, 2019-8-24T8:30:51
, 2018-4-7T8:22:22
, 2019-2-25T15:16:0
, 2016-8-23T16:41:1
, 2019-7-28T13:26:8
, 2020-4-2T10:38:6
, 2019-1-7T12:17:3
, 2016-6-22T8:3:9
, 2015-6-9T16:42:29
, 2018-6-12T13:26:18
, 2020-9-17T15:31:46
, 2020-10-27T12:36:18
, 2020-8-27T13:7:17
, 2014-3-12T10:2:43
, 2014-11-28T16:30:18
, 2020-1-22T14:15:35
, 2020-5-10T15:49:26
, 2019-1-10T11:42:42
, 2015-3-16T10:47:6
, 2014-10-28T10:13:47
, 2015-11-22T8:24:18
, 2018-7-7T9:16:35
, 2016-4-25T11:30:56
, 2017-8-18T11:56:17
, 2016-11-15T8:17:33
, 2016-4-28T13:29:1
, 2015-11-12T14:46:36
, 2019-7-26T9:49:4
, 2015-10-15T8:43:27
, 2015-10-24T15:13:44
, 2016-10-9T14:28:48
, 2018-4-16T14:13:13
, 2019-9-11T15:1:11
, 2016-8-14T8:42:36
, 2018-10-13T15:49:21
, 2016-10-25T11:49:11
, 2017-10-7T16:18:36
, 2014-10-9T13:7:45
, 2018-10-21T14:20:4
, 2019-5-24T8:54:37
, 2020-1-25T12:41:33
, 2016-9-1T16:52:58
, 2019-3-16T15:5:39
, 2019-10-27T13:40:10
, 2014-7-16T12:55:21
, 2014-3-13T16:55:12
, 2020-1-10T16:40:37
, 2017-1-6T8:51:43
, 2018-5-24T8:17:43
, 2014-10-20T15:22:44
, 2020-1-9T8:19:34
, 2015-11-11T10:58:27
, 2015-7-16T9:18:19
, 2017-6-27T12:17:1
, 2016-8-17T16:24:38
, 2019-10-11T12:25:48
, 2020-10-4T10:3:57
, 2014-3-1T8:31:15
, 2019-7-2T12:36:1
, 2015-2-23T13:9:40
, 2017-3-12T8:4:2
, 2019-3-4T15:39:31
, 2020-6-29T12:31:15
, 2019-6-8T13:41:18
, 2020-5-25T11:9:2
, 2020-3-23T14:30:7
, 2019-10-10T9:46:40
, 2016-10-7T9:35:13
, 2015-3-21T16:23:54
, 2016-11-26T8:52:40
, 2015-11-9T11:9:31
, 2017-5-25T14:54:14
, 2019-11-12T10:34:11
, 2015-7-15T15:4:1
, 2019-7-26T11:42:46
, 2018-1-14T14:43:52
, 2017-3-14T15:23:29
, 2016-3-21T10:2:20
, 2014-11-25T12:13:29
, 2014-6-25T14:32:53
, 2014-1-12T9:1:55
, 2017-9-29T9:6:26
, 2019-1-25T13:44:53
, 2020-10-18T15:32:15
, 2014-7-8T10:6:42
, 2020-9-21T8:41:54
, 2014-7-24T8:7:27
, 2020-1-7T16:55:42
, 2019-9-19T13:30:31
, 2017-10-25T16:36:5
, 2015-10-15T14:57:46
, 2014-6-29T12:58:53
, 2014-1-1T14:42:18
, 2014-7-21T13:23:56
, 2014-1-6T12:3:9
, 2020-8-15T9:14:34
, 2015-1-24T16:32:16
, 2019-7-1T14:35:54
, 2017-4-25T15:43:40
, 2019-2-15T11:37:46
, 2020-3-26T10:21:5
, 2016-1-25T10:16:56
, 2014-8-7T14:39:21
, 2020-3-21T13:36:36
, 2017-8-4T8:24:46
, 2014-6-7T15:36:53
, 2014-9-22T12:35:48
, 2019-9-24T16:25:50
, 2017-9-24T14:46:46
, 2017-6-26T15:52:18
, 2014-6-20T9:13:52
, 2015-6-6T12:13:10
, 2018-2-28T8:29:19
, 2016-11-29T10:16:40
, 2020-10-6T16:20:17
, 2018-3-6T12:9:9
, 2019-1-2T14:6:11
, 2018-5-5T10:11:33
, 2016-9-23T16:47:8
, 2019-6-27T16:39:40
, 2018-6-22T9:34:13
, 2018-7-26T15:3:30
, 2016-10-11T8:17:15
, 2016-3-19T12:58:23
, 2020-11-5T15:6:27
, 2019-4-3T12:22:11
, 2015-2-18T13:24:28
, 2017-3-14T10:23:47
, 2020-5-3T15:13:25
, 2018-8-4T14:39:45
, 2014-9-13T10:23:9
, 2017-6-6T13:0:7
, 2018-8-19T16:30:12
, 2014-7-4T14:47:15
, 2020-1-22T16:23:22
, 2017-9-9T11:56:32
, 2015-11-15T8:38:38
, 2017-7-27T13:20:50
, 2014-1-8T11:20:2
, 2019-10-24T8:41:21
, 2017-9-21T8:18:38
, 2020-7-23T14:53:9
, 2015-2-6T15:21:29
, 2020-2-16T11:49:45
, 2015-2-28T11:34:44
, 2018-2-3T14:56:9
, 2015-2-24T16:40:8
, 2017-11-24T16:37:11
, 2020-6-9T9:15:12
, 2014-7-22T13:5:33
, 2019-6-7T8:20:56
, 2015-6-13T10:33:16
, 2015-8-1T11:0:19
, 2017-7-21T12:16:33
, 2020-6-16T14:14:7
, 2014-6-22T16:29:7
, 2019-1-8T15:10:14
, 2016-3-11T14:52:30
, 2019-2-9T10:42:42
, 2016-2-24T9:14:8
, 2018-3-13T15:24:57
, 2016-5-2T15:24:33
, 2018-3-14T13:24:58
, 2018-11-14T12:18:34
, 2014-6-6T8:41:41
, 2015-10-8T8:25:18
, 2016-7-9T8:54:31
, 2016-4-18T16:53:36
, 2014-9-1T16:4:51
, 2014-11-19T8:35:17
, 2015-2-14T16:42:4
, 2020-3-26T14:56:53
, 2016-3-20T11:3:5
, 2016-8-22T12:18:20
, 2020-6-28T11:33:34
, 2016-9-22T16:52:37
, 2014-4-14T13:53:34
, 2014-6-18T10:39:2
, 2019-10-14T14:36:12
, 2020-7-26T13:20:50
, 2016-1-2T8:53:35
, 2016-11-17T9:57:50
, 2015-6-28T13:20:8
, 2017-8-3T14:19:24
, 2017-1-19T10:31:21
, 2018-2-24T13:1:26
, 2014-8-27T15:12:21
, 2019-10-21T8:26:11
, 2019-11-11T12:45:40
, 2018-5-22T13:6:48
, 2017-7-24T9:57:50
, 2017-6-27T16:56:40
, 2017-4-12T15:49:40
, 2017-8-6T15:17:26
, 2019-6-5T14:29:55
, 2019-3-13T14:5:38
, 2014-3-2T14:41:42
, 2015-11-15T15:14:28
, 2018-5-4T15:20:37
, 2018-2-13T15:21:58
, 2014-5-16T10:14:10
, 2018-8-29T12:58:4
, 2014-1-17T13:45:52
, 2018-5-12T14:51:28
, 2018-3-2T9:34:3
, 2018-1-4T16:34:35
, 2018-1-15T11:42:43
, 2018-9-2T12:53:32
, 2015-11-15T13:53:32
, 2016-6-16T10:32:3
, 2018-11-2T15:46:5
, 2016-4-13T9:42:45
, 2015-3-19T12:28:51
, 2017-4-6T10:33:24
, 2019-11-16T13:32:6
, 2020-1-19T9:37:40
, 2019-8-27T15:15:58
, 2020-4-5T11:16:7
, 2020-8-17T15:58:45
, 2015-3-5T8:51:47
, 2020-1-3T15:24:30
, 2015-6-11T13:39:52
, 2015-3-29T8:19:28
, 2015-2-1T15:10:36
, 2015-2-18T12:48:0
, 2016-6-9T13:56:55
, 2015-8-8T11:19:45
, 2018-4-7T9:56:11
, 2015-1-11T10:1:56
, 2020-2-9T10:39:29
, 2014-4-14T15:23:27
, 2018-2-22T11:50:38
, 2015-10-8T16:31:57
, 2019-7-24T12:26:46
, 2018-11-3T16:18:13
, 2016-2-25T9:6:5
, 2020-9-22T9:24:31
, 2016-10-9T12:40:13
, 2018-3-24T8:56:54
, 2017-9-9T16:8:19
, 2018-10-2T15:30:15
, 2014-8-19T15:30:22
, 2016-9-29T8:43:12
, 2015-3-18T14:24:11
, 2019-3-14T10:30:16
, 2019-1-5T12:27:37
, 2020-1-2T16:40:22
, 2018-9-28T9:28:49
, 2016-6-13T15:56:53
, 2018-3-9T8:3:48
, 2018-4-9T12:2:12
, 2019-8-20T15:36:8
, 2014-2-21T12:27:16
, 2014-1-22T11:40:22
, 2017-11-4T12:8:2
, 2017-9-27T9:46:50
, 2015-3-22T8:51:8
, 2018-8-9T10:47:49
, 2014-2-17T14:14:1
, 2020-7-16T9:49:39
, 2015-3-18T8:27:23
, 2019-6-2T14:57:5
, 2015-7-14T14:5:8
, 2014-8-29T16:26:36
, 2014-11-25T8:21:9
, 2019-8-3T8:8:58
, 2020-3-28T15:22:21
, 2015-6-18T12:13:38
, 2018-3-26T15:27:43
, 2015-7-14T8:37:33
, 2019-1-19T13:25:41
, 2015-7-11T16:46:18
, 2014-11-4T15:31:44
, 2014-8-2T12:2:58
, 2015-3-26T15:33:6
, 2018-2-7T12:6:40
, 2018-6-5T9:8:14
, 2018-9-6T15:6:50
, 2015-9-10T9:50:52
, 2015-10-8T12:32:54
, 2014-3-1T9:28:7
, 2015-8-3T14:2:29
, 2014-8-17T16:12:50
, 2016-8-25T15:9:41
, 2020-7-23T11:49:49
, 2020-6-17T13:58:51
, 2015-10-24T11:35:55
, 2019-8-9T9:3:8
, 2014-5-14T13:30:17
, 2019-11-28T10:43:55
, 2020-9-25T13:26:29
, 2014-11-7T12:48:15
, 2014-7-15T10:37:44
, 2016-5-1T12:19:48
, 2014-5-14T11:52:28
, 2018-2-23T13:44:42
, 2019-11-28T14:37:46
, 2020-11-23T13:29:8
, 2020-1-15T10:16:35
, 2018-5-5T15:34:49
, 2018-8-28T10:17:49
, 2017-5-7T8:39:16
, 2019-5-26T16:13:38
, 2020-9-23T10:31:52
, 2018-11-12T8:49:39
, 2015-7-20T8:26:27
, 2017-7-10T12:17:55
, 2018-3-13T13:37:49
, 2018-8-18T8:19:49
, 2018-7-19T12:15:53
, 2017-2-16T13:49:10
, 2015-4-10T14:56:49
, 2015-9-22T13:8:29
, 2018-1-3T15:53:39
, 2017-3-9T12:33:5
, 2018-4-10T16:37:27
, 2017-8-8T11:57:47
, 2017-9-12T12:8:0
, 2020-10-28T9:48:20
, 2019-4-2T8:33:49
, 2015-8-2T9:43:36
, 2020-5-13T9:31:45
, 2019-10-27T12:54:53
, 2017-1-21T9:54:20
, 2020-8-11T16:23:37
, 2017-11-6T14:48:0
, 2019-10-19T9:20:6
, 2016-5-26T16:24:29
, 2018-2-11T13:21:4
, 2015-10-25T15:0:55
, 2018-1-2T11:39:27
, 2017-4-5T8:50:38
, 2017-6-13T8:2:48
, 2015-3-28T16:28:36
, 2016-1-2T15:27:38
, 2016-8-17T14:1:23
, 2014-2-29T11:1:23
, 2019-8-17T9:52:31
, 2017-6-6T10:31:35
, 2016-10-26T15:34:54
, 2014-9-1T13:53:29
, 2016-5-5T11:9:39
, 2020-10-13T13:55:51
, 2015-8-18T13:27:56
, 2014-8-6T9:5:19
, 2017-3-9T12:41:12
, 2017-11-7T11:51:19
, 2015-5-6T8:55:38
, 2018-11-15T12:57:16
, 2015-11-27T8:26:34
, 2020-3-9T15:58:28
, 2020-1-10T14:41:20
, 2019-10-17T8:52:21
, 2020-7-7T15:53:18
, 2014-6-26T9:3:46
, 2016-1-10T13:57:36
, 2017-4-3T9:55:55
, 2014-2-28T11:30:50
, 2018-10-5T16:20:47
, 2019-9-29T15:13:12
, 2015-6-24T12:18:53
, 2020-11-7T9:5:0
, 2018-10-25T12:27:19
, 2014-7-16T15:30:26
, 2019-4-11T13:46:58
, 2019-7-5T9:11:4
, 2017-8-20T10:6:34
, 2019-4-17T10:51:26
, 2020-9-23T12:38:33
, 2020-5-15T11:44:15
, 2016-11-4T8:48:36
, 2016-10-14T14:17:48
, 2019-1-28T14:48:56
, 2015-10-25T15:25:57
, 2017-4-24T16:51:53
, 2018-1-20T10:46:30
, 2019-4-22T9:46:27
, 2015-1-3T11:39:29
, 2015-3-9T12:2:34
, 2015-4-25T8:52:57
, 2019-9-22T16:8:14
, 2016-3-6T13:35:1
, 2016-3-5T16:37:46
, 2015-1-7T9:7:2
, 2014-5-10T12:13:0
, 2017-9-15T9:10:39
, 2016-4-11T12:10:49
, 2016-8-29T14:20:3
, 2019-6-25T10:37:23
, 2018-9-15T14:40:35
, 2017-2-8T9:16:1
, 2019-9-24T13:42:5
, 2019-7-6T14:44:17
, 2016-6-1T8:29:55
, 2020-2-24T15:28:34
, 2019-7-17T8:1:2
, 2016-4-2T12:53:53
, 2017-1-20T11:37:58
, 2016-2-29T12:52:30
, 2020-11-24T13:6:47
, 2018-4-11T14:47:11
, 2017-6-13T13:12:25
, 2020-5-6T8:29:37
, 2016-5-23T14:25:34
, 2018-9-17T12:49:30
, 2015-3-18T13:53:13
, 2019-9-5T13:5:55
, 2016-10-15T15:39:56
, 2015-1-5T12:13:57
, 2015-4-28T12:28:48
, 2016-6-10T8:23:41
, 2014-2-22T10:27:0
, 2017-9-13T12:40:49
, 2015-5-2T12:38:22
, 2020-9-29T12:16:31
, 2018-2-12T11:53:26
, 2015-7-25T14:38:46
, 2014-8-12T15:33:49
, 2019-11-28T15:28:58
, 2014-5-19T8:47:52
, 2014-2-17T10:13:46
, 2020-9-14T8:56:4
, 2018-8-14T13:26:35
, 2014-9-2T11:9:31
, 2015-1-29T15:39:47
, 2015-11-3T8:18:5
, 2015-1-2T12:44:5
, 2015-4-21T10:30:34
, 2014-7-23T13:8:55
, 2016-7-1T12:4:24
, 2014-6-11T11:5:10
, 2014-2-25T11:21:2
, 2018-8-25T11:58:31
, 2014-2-8T11:8:19
, 2015-9-8T15:16:20
, 2014-2-2T15:8:21
, 2014-7-23T8:18:55
, 2019-7-4T15:24:44
, 2016-1-13T9:28:5
, 2017-11-15T12:31:20
, 2016-9-4T9:17:16
, 2019-3-18T10:42:26
, 2019-5-17T15:19:37
, 2016-11-20T11:21:7
, 2020-1-28T10:29:26
, 2014-10-9T11:0:33
, 2014-10-5T14:14:48
, 2016-11-26T15:17:27
, 2015-6-23T8:25:56
, 2014-10-6T16:46:41
, 2016-9-15T15:33:48
, 2020-6-14T9:32:36
, 2016-11-15T8:20:32
, 2014-7-4T8:16:11
, 2017-7-1T16:4:34
, 2017-5-20T10:2:39
, 2017-7-22T13:56:22
, 2018-6-27T10:32:39
, 2020-2-17T11:56:20
, 2014-8-8T8:43:58
, 2018-1-10T14:21:41
, 2015-4-6T16:45:54
, 2020-1-14T15:42:33
, 2018-4-27T13:21:7
, 2020-8-11T13:35:12
, 2014-3-8T10:14:13
, 2015-4-20T11:40:1
, 2015-6-28T13:44:3
, 2019-6-17T10:34:35
, 2018-6-21T9:20:42
, 2015-4-12T15:47:3
, 2015-10-14T12:26:34
, 2017-6-22T9:16:17
, 2014-9-8T16:9:12
, 2016-5-8T11:42:9
, 2020-8-21T12:42:53
, 2019-2-19T15:49:58
, 2020-6-17T14:17:2
, 2020-6-26T13:50:38
, 2019-1-14T16:51:46
, 2019-11-21T15:16:48
, 2018-10-27T10:38:10
, 2019-7-21T14:17:10
, 2019-7-11T9:33:46
, 2019-7-9T9:41:9
, 2019-10-21T14:43:6
, 2016-11-4T15:12:2
, 2016-10-15T15:54:53
, 2015-4-1T16:15:18
, 2017-2-11T8:26:13
, 2015-4-3T15:22:31
, 2015-11-19T11:56:49
, 2017-3-11T16:38:57
, 2014-3-28T14:56:38
, 2017-9-27T10:22:11
, 2020-4-21T15:43:54
, 2018-1-27T8:11:25
, 2020-11-13T15:9:4
, 2015-2-3T10:56:27
, 2017-8-13T13:27:45
, 2018-5-12T12:31:6
, 2018-3-29T13:41:18
, 2016-4-2T8:54:25
, 2016-10-25T12:17:47
, 2017-4-18T14:11:12
, 2019-9-24T15:19:46
, 2015-9-15T13:27:52
, 2014-11-1T14:23:52
, 2016-1-19T10:45:34
, 2016-9-2T16:32:13
, 2017-1-24T8:24:14
, 2015-11-28T11:51:53
, 2016-9-24T9:53:33
, 2019-11-25T8:18:6
, 2014-7-10T15:39:42
, 2019-1-6T8:53:4
, 2015-6-8T14:40:17
, 2020-4-26T10:21:19
, 2017-6-12T16:51:31
, 2019-8-13T12:3:39
, 2017-1-27T16:13:44
, 2018-3-28T9:56:40
, 2018-11-20T9:40:18
, 2014-2-29T14:19:54
, 2014-11-11T15:9:43
, 2019-2-15T8:2:46
, 2017-5-26T9:58:9
, 2014-2-17T8:31:11
, 2015-10-3T9:57:33
, 2015-10-10T9:11:47
, 2014-6-18T8:43:1
, 2017-1-29T12:52:28
, 2017-3-8T8:32:7
, 2014-8-6T13:34:26
, 2020-6-25T8:31:14
, 2020-6-15T14:45:4
, 2014-4-19T14:55:18
, 2015-6-19T14:12:55
, 2020-1-16T8:34:8
, 2019-8-8T15:34:54
, 2015-10-29T14:28:46
, 2020-10-26T14:0:41
, 2018-8-19T9:21:51
, 2018-5-22T13:54:37
, 2019-11-10T13:13:32
, 2018-3-27T8:42:11
, 2017-1-18T14:15:48
, 2016-1-8T12:32:24
, 2019-6-11T12:29:29
, 2017-7-15T15:40:40
, 2016-7-7T13:14:11
, 2016-7-23T11:2:38
, 2015-4-24T11:29:5
, 2015-4-13T11:6:21
, 2019-5-9T9:26:34
, 2019-11-7T16:46:57
, 2018-1-2T8:13:33
, 2014-11-25T16:46:3
, 2020-9-7T9:19:36
, 2017-1-25T9:20:57
, 2014-2-20T10:31:10
, 2019-6-21T8:8:14
, 2018-10-20T8:37:52
, 2020-11-2T14:46:19
, 2020-2-7T12:1:44
, 2018-10-17T8:43:18
, 2017-7-13T15:31:19
, 2014-10-11T9:30:40
, 2018-4-23T13:57:25
, 2019-10-18T13:5:12
, 2017-6-10T15:9:19
, 2019-9-11T12:40:54
, 2018-1-4T15:58:44
, 2017-7-27T13:29:10
, 2015-7-7T10:46:25
, 2016-1-24T15:25:35
, 2018-4-3T12:47:21
, 2019-5-22T9:57:13
, 2014-1-13T14:18:55
, 2014-7-7T10:37:6
, 2020-10-20T16:58:30
, 2019-2-11T10:38:18
, 2014-5-28T9:13:15
, 2017-2-11T16:29:26
, 2017-1-26T8:9:10
, 2017-8-17T10:52:55
, 2014-6-28T13:34:55
, 2014-8-18T9:37:18
, 2014-2-20T8:20:24
, 2020-4-12T13:56:48
, 2020-4-6T10:44:3
, 2019-3-17T11:21:48
, 2020-7-6T9:4:52
, 2015-10-14T11:25:42
, 2017-4-11T9:14:17
, 2015-3-2T10:31:5
, 2020-9-28T9:35:22
, 2016-7-10T8:46:6
, 2017-1-8T13:5:25
, 2019-11-15T8:41:46
, 2020-5-8T14:24:24
, 2015-11-1T8:56:41
, 2017-7-9T12:46:32
, 2018-5-16T11:36:49
, 2019-10-28T12:42:54
, 2016-8-19T13:45:48
, 2016-4-13T8:15:27
, 2016-6-20T11:12:28
, 2018-7-29T13:30:29
, 2015-3-8T15:13:32
, 2019-6-27T8:11:10
, 2018-5-3T11:26:52
, 2019-9-5T15:40:39
, 2018-11-23T11:53:3
, 2015-11-28T14:33:1
, 2020-10-3T13:6:25
, 2016-10-15T12:7:31
, 2020-7-3T14:19:58
, 2015-8-28T9:49:42
, 2014-3-13T15:20:22
, 2016-2-12T8:20:55
, 2015-8-18T9:5:33
, 2019-7-14T14:21:48
, 2017-9-5T12:13:10
, 2018-4-6T16:31:41
, 2016-1-16T8:0:3
, 2018-11-28T16:48:34
, 2015-1-13T16:44:34
, 2019-2-10T8:27:25
, 2019-2-28T13:27:52
, 2014-1-19T10:2:45
, 2014-7-15T16:12:48
, 2014-3-7T9:5:21
, 2020-10-21T9:47:42
, 2020-11-22T9:25:14
, 2017-8-12T11:14:21
, 2020-4-26T10:4:19
, 2015-9-6T11:48:57
, 2016-1-5T16:57:5
, 2019-3-1T8:35:53
, 2019-3-27T14:49:1
, 2017-10-1T15:34:1
, 2014-11-12T9:19:22
, 2017-9-6T14:20:25
, 2020-8-8T9:57:11
, 2014-8-26T11:30:43
, 2018-3-6T8:51:41
, 2014-6-6T10:22:22
, 2019-8-8T10:4:15
, 2015-4-2T8:20:24
, 2017-2-10T11:36:7
, 2019-1-19T8:27:56
, 2020-8-5T12:9:55
, 2014-8-18T11:56:35
, 2015-7-26T13:33:23
, 2016-7-13T9:30:23
, 2014-3-10T16:46:25
, 2019-7-27T12:44:54
, 2018-11-4T16:16:41
, 2014-8-7T16:54:24
, 2017-6-14T9:9:46
, 2020-2-23T14:42:26
, 2015-3-4T16:56:35
, 2018-3-24T13:15:9
, 2020-11-12T8:22:19
, 2017-9-6T13:10:53
, 2016-1-19T15:33:5
, 2017-8-7T9:5:29
, 2016-10-24T15:39:22
, 2016-1-10T15:30:12
, 2018-4-29T15:14:39
, 2020-10-2T13:29:6
, 2015-5-20T10:32:27
, 2014-4-21T13:26:22
, 2014-9-9T13:42:53
, 2017-2-5T14:57:28
, 2020-7-28T13:57:44
, 2020-7-2T12:13:55
, 2016-11-20T16:27:31
, 2016-5-3T8:13:31
, 2017-7-4T12:20:53
, 2015-4-15T10:37:45
, 2014-2-28T10:52:51
, 2016-8-2T12:18:33
, 2014-10-11T15:2:19
, 2020-10-23T15:46:22
, 2019-8-4T8:15:25
, 2018-4-12T10:19:18
, 2016-2-18T8:26:51
, 2016-3-3T13:7:23
, 2015-4-26T16:39:28
, 2020-7-22T11:30:56
, 2016-8-25T16:44:49
, 2014-3-22T12:15:14
, 2014-7-9T11:38:39
, 2018-11-27T12:19:8
, 2020-6-20T12:49:57
, 2015-7-11T8:15:46
, 2016-7-17T10:9:38
, 2014-8-24T8:58:49
, 2016-6-1T9:8:11
, 2019-5-21T12:58:45
, 2017-5-5T16:54:33
, 2015-5-21T16:44:35
, 2015-9-25T14:18:18
, 2016-2-1T10:19:33
, 2015-5-21T10:6:2
, 2017-3-7T12:54:7
, 2019-8-3T10:26:14
, 2016-3-15T11:46:28
, 2015-9-7T8:44:12
, 2019-5-1T8:44:3
, 2015-5-1T8:29:56
, 2014-4-24T12:14:42
, 2016-10-26T16:45:3
, 2020-11-22T12:42:34
, 2017-9-18T8:2:7
, 2018-4-25T16:49:35
, 2015-2-6T11:25:22
, 2018-10-12T15:48:30
, 2016-10-25T8:7:2
, 2017-6-29T8:26:20
, 2020-4-12T14:49:10
, 2019-6-14T15:44:31
, 2019-7-7T12:3:16
, 2017-6-1T8:54:16
, 2016-11-29T10:56:49
, 2020-11-22T10:29:46
, 2019-6-6T14:0:15
, 2015-8-4T13:35:19
, 2016-6-7T15:19:4
, 2016-9-11T9:53:31
, 2015-9-8T15:16:49
, 2020-2-18T11:39:14
, 2019-9-24T12:17:52
, 2016-1-5T13:32:41
, 2017-8-4T15:54:45
, 2018-6-29T15:19:48
, 2019-8-29T11:12:48
, 2017-6-4T9:54:18
, 2017-3-24T9:51:52
, 2014-4-20T9:31:51
, 2018-6-3T12:5:36
, 2018-8-26T9:51:56
, 2019-3-19T8:33:44
, 2014-8-18T12:6:58
, 2017-11-15T15:12:33
, 2014-3-24T8:41:39
, 2016-3-19T9:41:43
, 2019-5-10T12:7:37
, 2019-11-3T8:29:34
, 2014-11-18T8:11:54
, 2018-3-28T10:2:56
, 2017-6-28T16:32:40
, 2017-8-22T12:4:21
, 2018-9-24T13:53:24
, 2018-10-3T11:21:8
, 2016-9-14T13:22:34
, 2014-8-8T8:53:52
, 2017-1-17T10:34:35
, 2019-11-24T12:34:17
, 2014-3-22T12:48:48
, 2017-6-24T10:7:24
, 2016-9-21T9:3:28
, 2019-7-2T9:39:57
, 2017-10-19T12:3:14
, 2015-6-16T15:40:45
, 2014-2-5T9:1:15
, 2014-5-22T12:9:23
, 2019-7-14T16:25:53
, 2015-1-12T9:0:22
, 2018-1-12T14:53:50
, 2017-5-19T9:49:19
, 2017-6-25T14:41:37
, 2020-6-11T10:8:11
, 2014-5-28T12:46:42
, 2018-10-20T9:32:16
, 2020-6-9T8:10:46
, 2018-1-19T10:23:20
, 2017-8-11T13:9:49
, 2019-5-9T15:54:15
, 2014-7-28T15:26:42
, 2015-7-25T14:0:35
, 2019-11-18T14:4:10
, 2014-7-25T9:18:18
, 2014-5-12T10:20:41
, 2017-5-6T11:4:8
, 2017-1-3T11:55:41
, 2014-3-19T12:47:25
, 2019-9-23T12:35:2
, 2016-11-25T15:23:7
, 2020-9-13T14:44:43
, 2016-8-15T11:37:29
, 2014-6-5T13:48:46
, 2017-4-2T9:32:34
, 2015-9-25T9:14:37
, 2016-7-19T11:36:0
, 2020-6-5T16:14:40
, 2018-11-18T13:24:32
, 2020-3-22T9:42:4
, 2018-1-25T9:37:45
, 2014-8-3T9:23:50
, 2018-7-24T8:44:49
, 2016-5-28T15:28:22
, 2016-2-22T16:19:48
, 2020-9-14T16:46:16
, 2015-4-22T12:33:9
, 2019-7-26T8:32:51
, 2016-10-11T10:35:3
, 2014-1-18T13:28:12
, 2019-9-27T8:32:40
, 2017-3-17T15:22:53
, 2017-6-18T16:10:47
, 2016-9-19T8:56:35
, 2016-6-2T8:51:52
, 2017-3-19T9:20:7
, 2017-5-20T10:1:45
, 2016-5-29T8:14:46
, 2020-1-20T13:56:43
, 2017-11-13T11:30:48
, 2019-3-7T13:10:38
, 2017-3-7T8:55:37
, 2018-8-10T10:25:22
, 2020-6-22T12:44:54
, 2014-6-12T13:13:20
, 2014-2-22T16:26:11
, 2020-3-20T15:28:54
, 2015-9-7T8:13:6
, 2019-11-17T8:20:35
, 2016-6-9T13:5:7
, 2017-8-3T13:22:15
, 2016-2-9T15:30:9
, 2014-4-14T16:57:46
, 2016-8-19T14:52:49
, 2018-6-10T16:42:37
, 2016-6-29T9:43:56
, 2014-9-26T10:52:26
, 2018-1-21T12:43:45
, 2015-8-19T11:56:53
, 2020-8-4T15:42:34
, 2018-10-12T10:58:5
, 2016-8-3T15:43:48
, 2019-1-15T14:31:12
, 2019-11-24T11:31:46
, 2019-9-20T8:14:53
, 2017-7-2T12:13:45
, 2014-1-18T11:45:29
, 2019-8-18T16:52:27
, 2016-9-26T9:8:27
, 2019-11-6T13:24:0
, 2017-2-28T12:25:24
, 2018-1-13T16:33:45
, 2019-4-8T15:29:30
, 2019-9-28T14:5:16
, 2020-9-8T9:44:57
, 2019-8-11T13:53:41
, 2015-9-16T11:9:2
, 2017-11-25T9:11:28
, 2020-8-9T14:26:35
, 2014-9-23T13:4:11
, 2018-4-17T13:30:54
, 2018-5-9T8:32:36
, 2019-5-3T13:23:48
, 2018-3-25T9:42:29
, 2016-3-9T12:18:29
, 2015-5-11T15:14:5
, 2015-9-26T12:36:39
, 2019-8-21T14:29:31
, 2017-1-4T13:25:31
, 2019-9-25T11:20:28
, 2014-3-16T11:38:14
, 2018-3-22T10:29:32
, 2020-6-4T10:29:25
, 2018-3-9T11:25:41
, 2018-11-23T13:43:16
, 2015-5-27T10:37:23
, 2017-11-16T15:36:58
, 2018-7-8T12:6:9
, 2019-6-25T8:42:33
, 2016-9-4T13:12:7
, 2018-11-27T8:52:14
, 2020-4-24T12:47:0
, 2018-10-4T11:16:11
, 2019-9-5T8:8:9
, 2019-2-4T14:51:15
, 2018-6-13T10:0:3
, 2015-8-24T12:12:11
, 2020-4-9T15:5:4
, 2015-8-5T9:20:24
, 2017-8-22T15:1:28
, 2020-7-6T10:45:28
, 2015-8-24T14:52:30
, 2016-2-5T11:28:43
, 2020-8-19T11:4:16
, 2014-2-10T15:24:13
, 2018-4-26T15:38:2
, 2016-1-23T15:32:32
, 2019-8-13T8:1:15
, 2014-6-9T11:25:50
, 2016-2-2T15:12:22
, 2014-7-28T13:48:38
, 2014-2-19T10:28:31
, 2014-5-8T15:38:29
, 2016-9-24T10:0:31
, 2016-7-12T14:57:18
, 2018-9-28T14:7:25
, 2016-4-3T10:16:52
, 2019-10-21T8:15:22
, 2020-8-27T14:32:32
, 2016-3-4T11:18:8
, 2020-6-18T11:28:16
, 2015-11-1T12:15:26
, 2017-3-23T14:41:27
, 2016-9-28T13:26:2
, 2014-7-19T8:23:29
, 2017-10-16T13:53:27
, 2019-5-28T9:27:57
, 2018-6-21T8:27:13
, 2019-10-15T8:2:46
, 2017-7-19T15:29:0
, 2018-7-10T15:14:27
, 2014-3-11T10:42:9
, 2015-9-11T9:22:39
, 2018-3-5T10:36:35
, 2017-11-12T14:46:33
, 2018-4-15T9:56:16
, 2020-10-11T12:13:22
, 2019-8-8T11:36:42
, 2016-11-22T8:13:2
, 2019-6-21T11:17:47
, 2018-2-27T16:17:23
, 2017-2-26T10:47:16
, 2016-10-22T13:52:50
, 2015-2-17T14:41:44
, 2020-11-28T12:35:1
, 2016-7-1T11:36:16
, 2018-8-10T9:20:4
, 2020-10-3T14:28:13
, 2015-11-15T16:22:23
, 2020-2-27T12:56:23
, 2020-11-4T13:55:42
, 2015-7-25T16:9:22
, 2019-6-4T13:43:4
, 2018-4-23T10:13:49
, 2016-1-26T8:43:45
, 2017-5-28T11:42:35
, 2017-3-24T13:23:35
, 2019-3-29T10:14:15
, 2017-10-23T15:52:19
, 2016-1-17T14:41:18
, 2018-9-20T10:22:36
, 2016-5-25T11:17:52
, 2019-7-21T13:11:1
, 2016-8-13T8:7:24
, 2017-5-15T13:10:28
, 2019-2-11T16:17:3
, 2017-3-2T13:18:25
, 2015-1-26T9:14:26
, 2018-7-5T9:25:31
, 2016-2-20T8:12:34
, 2016-9-11T15:5:36
, 2016-5-18T11:51:43
, 2015-9-23T12:14:53
, 2020-11-29T15:27:18
, 2017-11-28T8:13:17
, 2015-2-15T13:53:32
, 2018-11-2T11:34:8
, 2020-10-29T12:11:16
, 2015-8-22T14:2:33
, 2017-9-11T10:58:46
, 2018-11-29T8:45:55
, 2017-4-19T8:11:18
, 2015-4-29T14:17:22
, 2018-6-10T9:17:56
, 2015-5-9T15:45:49
, 2015-9-7T11:17:37
, 2020-7-29T9:11:38
, 2016-4-10T12:20:22
, 2014-1-2T14:4:22
, 2019-5-7T15:16:31
, 2019-10-14T9:45:14
, 2020-6-5T14:11:39
, 2020-7-8T9:55:55
, 2019-8-27T16:42:16
, 2020-7-24T13:7:43
, 2020-6-25T9:12:4
, 2016-5-28T10:48:47
, 2018-11-3T9:56:0
, 2017-7-25T14:43:49
, 2020-7-12T9:30:31
, 2017-3-22T10:30:24
, 2015-6-6T13:18:10
, 2014-1-20T8:15:15
, 2017-8-17T11:21:21
, 2015-3-10T9:3:20
, 2015-4-9T15:16:32
, 2019-7-26T8:6:1
, 2018-4-27T11:28:19
, 2019-3-18T15:12:6
, 2019-8-5T8:3:45
, 2017-4-20T13:20:0
, 2016-2-18T14:24:52
, 2015-5-29T9:23:14
, 2018-11-5T9:5:6
, 2017-11-11T10:8:54
, 2019-3-23T15:23:51
, 2020-11-18T10:11:3
, 2020-11-4T8:5:36
, 2019-2-27T15:33:7
, 2014-5-1T14:5:23
, 2017-5-4T11:18:56
, 2020-8-15T13:9:35
, 2019-10-19T16:22:37
, 2017-1-20T15:21:33
, 2016-1-29T12:38:53
, 2015-2-29T14:6:29
, 2014-8-4T15:7:20
, 2015-11-18T9:42:10
, 2018-3-29T14:32:7
