id,datum,penztargepId
,11/27/2016 13:4:57,117
,9/21/2019 13:7:54,1078
,11/4/2016 11:12:54,1169
,7/6/2020 12:56:36,118
,11/16/2017 14:35:49,1002
,1/13/2018 13:16:4,1507
,4/10/2017 14:27:57,1882
,5/16/2018 14:53:37,2330
,5/10/2015 8:36:22,520
,6/22/2019 10:45:25,14
,11/22/2017 14:23:25,466
,5/14/2014 15:6:8,971
,4/27/2019 9:16:30,774
,4/26/2018 9:33:28,1735
,2/8/2014 13:10:12,2351
,7/17/2016 8:58:35,2476
,10/26/2015 11:45:40,2261
,3/19/2016 12:38:0,281
,5/23/2018 10:19:16,243
,9/17/2019 10:11:1,220
,1/5/2016 10:41:18,2783
,10/11/2018 12:24:36,63
,7/15/2016 8:6:46,179
,2/17/2018 13:32:29,2966
,7/4/2014 12:37:2,1780
,4/15/2020 8:8:21,1193
,4/5/2014 16:54:5,2953
,1/18/2018 15:52:15,323
,3/3/2016 14:33:56,705
,3/9/2014 13:52:31,1007
,3/21/2019 9:45:12,2912
,11/23/2017 12:42:6,597
,8/15/2014 15:50:13,285
,5/25/2018 13:6:10,435
,10/1/2019 16:32:57,1773
,10/23/2018 11:23:21,157
,8/13/2018 13:47:24,2844
,10/25/2019 8:32:57,394
,3/26/2014 13:32:41,327
,3/18/2015 13:40:52,669
,2/27/2015 15:8:21,798
,7/22/2014 13:37:1,192
,2/14/2015 14:26:1,906
,9/10/2019 9:21:18,2006
,8/13/2017 9:58:22,433
,1/20/2019 8:5:11,2489
,1/20/2014 16:3:51,1866
,7/26/2017 8:14:58,2044
,2/5/2017 15:27:29,67
,10/3/2017 13:42:37,1845
,2/6/2014 10:25:29,2405
,1/11/2019 12:4:41,1892
,3/22/2014 11:35:3,189
,5/11/2015 10:5:42,1638
,9/13/2014 10:1:13,2875
,10/11/2017 13:51:54,2771
,10/2/2015 8:12:40,617
,7/9/2017 10:51:58,921
,8/24/2018 12:31:8,1055
,5/23/2017 10:39:2,2526
,6/3/2016 10:33:31,1272
,1/15/2019 12:45:15,1278
,11/8/2014 13:32:14,1344
,11/24/2020 8:55:24,2231
,11/24/2018 13:12:46,2818
,8/22/2019 15:52:51,2587
,5/22/2019 12:26:28,405
,8/25/2020 9:22:52,58
,2/20/2017 14:13:4,2679
,1/8/2016 14:57:23,1913
,8/26/2017 16:22:44,2350
,8/24/2016 15:25:16,1585
,8/16/2014 12:18:51,2672
,10/1/2015 10:50:55,2292
,5/13/2015 16:15:12,2140
,3/6/2014 10:16:50,2310
,6/20/2014 11:10:8,1875
,7/27/2016 11:56:2,891
,2/27/2020 8:45:40,2252
,3/7/2014 8:43:23,2008
,11/17/2017 13:16:3,2045
,5/1/2016 11:52:38,627
,8/8/2019 12:37:18,2974
,1/22/2018 14:2:51,1578
,10/25/2019 15:38:34,1320
,11/5/2019 9:52:3,739
,6/23/2014 14:18:36,126
,1/27/2018 9:57:4,1364
,4/8/2016 15:17:30,278
,9/13/2014 16:52:35,1720
,8/17/2014 16:22:14,2257
,9/27/2020 15:8:58,1643
,10/24/2019 9:13:22,2056
,7/25/2016 16:4:12,519
,6/10/2018 16:19:54,2115
,10/8/2015 16:33:39,2238
,4/9/2019 13:17:20,1565
,11/12/2014 10:41:9,1393
,6/8/2020 9:21:5,1905
,9/13/2017 16:18:3,564
,4/20/2018 8:49:15,1803
,2/18/2020 11:52:31,1527
,2/2/2019 15:12:28,2083
,10/20/2014 13:40:39,872
,11/27/2019 9:32:26,2213
,2/5/2017 8:12:46,538
,1/18/2017 13:57:22,1938
,1/17/2018 14:56:39,615
,9/21/2018 15:2:3,2216
,3/3/2019 13:55:55,284
,1/13/2014 15:52:19,615
,11/24/2019 10:27:12,2444
,3/5/2016 15:18:50,1387
,2/12/2017 8:58:17,1765
,2/2/2018 9:34:32,199
,9/25/2018 11:51:25,363
,2/3/2018 12:20:29,1021
,7/9/2015 11:42:54,2483
,9/22/2020 14:29:22,630
,9/15/2018 16:31:16,1798
,11/22/2016 14:45:48,2179
,2/17/2014 16:40:57,1759
,1/12/2015 15:16:55,2498
,2/3/2014 11:32:1,678
,1/13/2020 11:47:42,2374
,7/22/2015 14:26:18,426
,7/23/2015 10:23:26,2247
,10/13/2017 8:25:12,1871
,2/13/2015 15:42:33,2894
,3/27/2019 13:52:6,2620
,7/19/2014 10:11:3,464
,4/4/2019 13:39:31,200
,10/14/2015 15:46:29,1703
,2/9/2014 13:38:10,1406
,8/9/2014 12:6:41,2922
,7/22/2016 14:35:4,237
,1/22/2016 9:51:43,1263
,6/10/2017 12:8:12,1821
,9/18/2017 9:41:58,2083
,6/16/2020 11:37:20,501
,7/10/2014 8:6:14,1519
,2/1/2015 12:33:29,2229
,1/2/2018 15:8:33,1865
,10/1/2016 15:33:8,2712
,6/22/2019 13:11:49,823
,6/15/2014 9:7:34,2531
,4/18/2016 12:2:40,2974
,5/7/2015 13:25:38,10
,2/19/2016 10:40:13,38
,5/8/2019 9:39:3,1470
,6/1/2016 8:25:42,935
,6/23/2016 14:45:57,1799
,10/13/2020 9:24:19,482
,5/16/2020 14:2:22,2825
,6/14/2020 15:43:47,1102
,10/26/2017 13:21:50,2762
,10/2/2017 9:48:9,1747
,9/21/2016 8:50:1,1123
,7/3/2019 15:5:29,1216
,2/27/2016 16:17:40,1506
,3/4/2014 10:1:53,1009
,11/27/2018 8:43:43,2784
,8/27/2015 11:26:38,438
,3/16/2018 15:20:29,2314
,4/6/2017 15:56:25,2538
,5/5/2014 14:25:20,133
,10/5/2016 8:52:15,460
,10/18/2014 15:50:14,2698
,3/25/2015 8:5:9,1560
,4/3/2014 8:11:1,2680
,6/25/2014 15:12:15,1818
,4/15/2020 13:23:50,1918
,6/13/2017 14:13:28,119
,1/2/2019 15:3:35,2847
,11/1/2016 12:36:34,2996
,7/17/2020 14:24:51,2668
,9/11/2014 13:44:56,2611
,10/7/2018 12:54:20,2504
,4/3/2014 11:33:44,2572
,3/21/2018 15:52:41,2560
,11/27/2018 15:36:11,170
,10/11/2019 9:10:21,1956
,5/17/2020 11:56:31,1552
,6/27/2015 10:15:4,1143
,5/22/2015 9:39:55,1403
,10/19/2016 8:36:37,1382
,2/13/2018 8:27:45,2437
,3/20/2014 13:55:40,1595
,4/18/2020 11:7:54,22
,6/6/2016 11:56:23,2878
,6/16/2018 8:57:27,1208
,1/24/2019 13:13:15,2857
,8/3/2017 10:15:15,324
,5/14/2020 15:35:51,296
,11/7/2019 13:48:0,2210
,5/5/2015 12:33:3,1453
,3/23/2018 13:19:23,1509
,6/8/2019 13:0:36,2269
,3/17/2018 12:47:15,2892
,9/13/2016 11:57:2,409
,4/5/2018 14:25:51,1790
,3/22/2015 10:22:58,2993
,11/5/2019 9:31:2,1167
,6/12/2014 15:41:45,76
,7/6/2018 16:38:21,2370
,11/9/2014 16:13:25,1735
,8/5/2018 12:44:3,1399
,7/7/2020 15:33:17,352
,3/11/2016 15:37:20,2547
,8/20/2018 13:31:29,1152
,10/10/2014 13:48:26,2869
,8/17/2018 9:6:21,1961
,2/13/2014 10:29:49,1269
,1/5/2020 13:24:21,1373
,10/22/2017 14:52:3,1055
,2/16/2020 14:3:6,1771
,3/5/2017 10:58:44,951
,10/23/2020 14:22:8,2013
,6/17/2015 9:51:6,630
,3/10/2020 11:31:20,875
,1/14/2016 9:10:8,414
,5/8/2014 16:9:8,1582
,3/23/2019 16:55:51,2395
,5/14/2017 9:21:18,1400
,7/10/2016 12:25:6,1190
,3/23/2014 14:11:32,1679
,4/7/2015 16:20:8,1313
,10/22/2016 12:48:9,2541
,9/18/2019 15:26:9,356
,4/18/2020 12:15:4,1262
,1/16/2014 13:17:1,877
,11/26/2014 13:56:52,61
,5/13/2019 12:18:38,2330
,4/12/2017 12:47:15,1882
,8/11/2019 13:39:22,489
,6/1/2015 8:25:44,2893
,8/2/2019 13:49:51,507
,7/1/2018 9:27:19,1194
,7/16/2016 15:48:16,1491
,3/9/2020 14:38:4,2385
,10/9/2017 8:4:8,2700
,4/2/2016 15:6:1,1803
,9/5/2017 11:30:53,1766
,5/20/2014 11:47:58,1588
,5/19/2020 11:20:29,2727
,6/21/2019 11:4:39,1965
,7/6/2017 16:54:58,1306
,5/21/2015 10:2:27,1669
,3/14/2015 13:54:22,1959
,7/14/2017 12:57:27,158
,10/22/2017 15:46:51,221
,1/23/2018 12:8:48,2214
,9/14/2016 16:19:3,1357
,9/2/2017 14:28:28,1736
,6/22/2020 14:0:26,2712
,8/20/2016 11:27:17,2926
,9/21/2014 16:38:40,317
,4/13/2014 12:22:17,2485
,8/25/2017 15:27:12,1604
,2/5/2016 15:39:21,409
,4/24/2018 13:4:50,141
,7/5/2014 13:7:26,1576
,7/12/2020 12:18:41,2714
,7/15/2015 16:34:48,1004
,4/27/2016 13:25:1,2993
,7/7/2019 13:3:7,2526
,1/26/2017 10:58:16,2349
,7/23/2016 10:53:7,2105
,2/16/2020 12:56:32,603
,2/17/2014 9:38:50,879
,2/9/2020 13:24:46,982
,4/27/2018 14:43:58,2474
,1/2/2016 11:45:24,241
,11/3/2014 8:25:35,963
,1/24/2014 15:39:44,892
,5/8/2018 16:16:40,1329
,5/25/2016 8:50:47,2533
,6/26/2017 9:20:26,525
,8/18/2016 10:13:21,1391
,9/11/2016 13:33:0,1943
,4/13/2016 10:27:6,91
,7/8/2019 10:30:14,2361
,4/4/2020 11:6:20,300
,10/27/2014 15:39:14,2916
,2/19/2014 9:40:45,759
,8/16/2015 14:21:45,1381
,11/7/2016 9:48:22,1422
,4/7/2014 10:2:42,313
,6/13/2016 10:0:22,1887
,8/13/2015 14:23:37,281
,6/2/2020 14:58:37,2295
,2/12/2018 13:38:8,741
,8/26/2019 15:11:39,2308
,2/6/2019 13:20:27,800
,7/7/2020 14:45:45,1963
,1/26/2015 8:8:15,843
,6/12/2015 15:58:52,1807
,10/12/2014 8:7:37,481
,9/16/2016 11:33:30,1313
,7/8/2020 11:28:55,2918
,3/18/2020 14:16:55,2334
,9/6/2020 9:13:25,1919
,1/1/2014 10:17:27,785
,10/19/2019 8:28:4,798
,2/1/2016 11:45:13,1893
,3/18/2018 13:14:26,464
,9/16/2014 13:34:56,1691
,6/6/2014 12:5:1,113
,5/1/2015 12:1:16,563
,9/10/2020 11:55:19,1102
,1/17/2019 16:48:3,111
,11/18/2016 11:29:46,2510
,4/18/2017 15:22:28,812
,7/10/2020 15:6:45,2378
,7/15/2019 8:24:48,36
,5/12/2019 16:45:9,498
,11/24/2020 14:13:38,995
,5/8/2019 10:50:0,2515
,3/19/2019 10:6:36,2962
,4/6/2020 11:16:48,1330
,4/22/2015 16:26:17,823
,5/15/2015 12:9:6,1755
,9/6/2019 13:6:17,2935
,2/26/2017 11:45:27,40
,5/11/2020 8:50:46,1302
,9/19/2014 13:57:12,2959
,5/24/2017 12:44:51,2884
,7/19/2015 10:37:30,2159
,2/19/2020 15:51:23,1718
,9/20/2018 10:42:3,2767
,8/18/2016 13:28:21,2239
,3/9/2014 13:55:42,1771
,5/5/2019 11:58:28,1930
,10/5/2015 12:55:57,1191
,4/16/2015 11:28:36,2327
,4/3/2014 13:26:14,890
,4/3/2017 13:24:19,1295
,3/8/2020 16:49:48,2220
,6/22/2016 16:6:34,742
,7/24/2015 9:38:52,14
,8/23/2020 13:57:21,2407
,3/23/2014 9:55:54,1028
,8/2/2018 11:13:0,2468
,6/26/2015 11:16:36,504
,4/18/2015 11:46:8,2887
,3/6/2015 16:40:23,2503
,6/17/2020 11:28:12,2646
,9/12/2018 13:16:27,2647
,4/14/2019 9:8:12,483
,10/18/2014 10:11:9,1184
,9/25/2014 16:7:9,2566
,9/27/2015 9:20:25,2010
,4/15/2020 11:13:34,236
,3/6/2015 12:28:15,2700
,11/8/2017 16:14:12,1814
,6/25/2017 15:19:23,297
,9/22/2020 9:19:40,1702
,7/25/2016 12:43:32,463
,3/4/2018 13:48:50,2214
,1/4/2014 11:0:33,1652
,7/16/2020 14:40:7,298
,10/20/2017 15:9:0,2251
,2/10/2020 9:25:11,1113
,4/3/2015 15:29:46,513
,10/15/2016 11:38:31,1580
,6/4/2017 16:5:52,1058
,3/9/2016 13:42:51,298
,2/9/2014 16:37:4,2339
,1/16/2018 16:49:41,2769
,11/8/2017 16:9:8,1864
,10/4/2014 16:33:23,1920
,6/12/2019 10:35:22,1493
,8/9/2014 15:55:58,1492
,4/18/2016 14:39:16,2667
,4/6/2019 11:30:0,1640
,10/22/2019 11:41:54,2513
,5/9/2016 14:7:39,2005
,11/3/2016 14:2:14,2149
,7/3/2020 12:10:52,2870
,10/27/2017 13:22:56,1517
,1/25/2020 14:40:33,32
,4/7/2018 12:39:56,2955
,1/27/2016 14:40:50,1395
,11/23/2018 8:52:46,253
,9/18/2016 15:47:27,2919
,8/13/2020 16:20:28,2947
,7/16/2020 14:53:41,1253
,11/22/2016 11:41:46,1947
,8/19/2016 8:53:19,2095
,6/14/2017 9:21:46,1748
,3/3/2020 8:19:6,1906
,6/1/2020 13:52:19,551
,8/27/2020 16:12:31,2724
,2/13/2015 8:18:33,1807
,8/3/2014 16:9:18,2433
,7/25/2015 10:1:54,2875
,9/9/2020 12:41:17,2632
,1/21/2015 8:54:45,1673
,5/7/2018 13:48:38,1642
,6/10/2018 8:53:47,1547
,9/20/2018 16:10:5,1923
,2/4/2018 8:3:41,25
,6/18/2019 9:38:19,2596
,1/1/2014 15:11:37,1336
,9/10/2018 16:49:19,1982
,11/9/2020 10:43:19,791
,10/14/2020 15:36:58,237
,9/20/2016 10:44:50,287
,7/22/2015 13:10:47,779
,9/9/2016 9:43:49,2018
,9/11/2020 13:23:16,1010
,6/15/2016 16:28:58,2270
,9/17/2014 12:44:13,311
,2/26/2020 12:38:27,415
,9/2/2019 10:30:33,1339
,1/5/2014 15:12:43,61
,6/15/2020 14:39:41,575
,10/10/2014 13:44:56,579
,4/8/2018 13:53:51,312
,11/24/2015 16:30:35,1351
,7/10/2016 14:22:43,2523
,11/10/2018 14:12:37,1069
,2/12/2016 11:55:17,2962
,3/25/2020 10:40:28,739
,5/1/2015 12:2:34,2676
,2/25/2020 15:51:36,1088
,6/8/2018 16:34:24,1487
,4/18/2018 11:48:58,2402
,4/11/2014 10:42:31,2952
,6/4/2016 13:40:38,1484
,9/8/2019 11:12:11,2599
,1/10/2020 9:24:26,51
,4/19/2017 14:25:9,226
,9/16/2014 16:28:37,1041
,9/3/2017 10:24:24,2312
,7/17/2015 10:49:24,2724
,6/12/2018 15:13:11,78
,8/22/2014 12:41:46,2776
,10/9/2018 14:14:0,989
,6/5/2015 9:15:40,1846
,6/22/2019 14:54:2,2428
,7/19/2016 8:21:24,685
,2/22/2020 10:43:31,887
,8/5/2019 11:21:2,2794
,5/25/2015 8:9:3,457
,6/10/2016 13:2:40,2353
,6/7/2017 14:19:39,2957
,4/24/2019 16:45:37,2027
,1/7/2014 11:0:32,187
,5/21/2019 13:8:8,2091
,9/6/2020 9:32:45,2019
,8/22/2017 11:9:52,1772
,6/9/2016 8:13:27,1079
,3/5/2015 9:29:35,10
,7/22/2014 16:42:36,1742
,6/6/2019 15:9:0,573
,8/15/2020 9:19:56,2780
,11/16/2018 12:10:24,1575
,4/22/2018 15:20:35,1378
,5/7/2017 14:9:15,612
,2/24/2014 15:20:28,2022
,3/18/2020 8:58:33,553
,2/5/2020 12:14:51,52
,9/14/2017 13:40:41,2013
,8/24/2017 11:43:11,2137
,5/23/2019 16:12:23,678
,10/19/2018 15:15:22,1763
,8/24/2019 9:28:8,1987
,1/18/2015 14:26:35,821
,11/8/2016 13:53:41,1333
,3/15/2015 13:11:6,2701
,6/15/2019 15:10:27,516
,9/23/2015 12:41:29,2307
,6/26/2015 16:50:44,1184
,2/24/2015 15:47:6,1640
,9/14/2019 9:13:52,1557
,6/10/2017 16:40:39,2899
,3/2/2017 13:46:48,2886
,6/23/2016 14:42:57,1
,8/14/2018 11:11:27,41
,5/14/2015 14:44:30,848
,10/7/2018 12:1:19,2177
,1/7/2016 12:1:58,1934
,8/13/2014 9:45:55,579
,5/20/2015 8:20:26,2183
,10/9/2014 12:14:50,545
,4/24/2016 14:23:32,1689
,10/9/2014 8:7:7,2934
,11/17/2019 13:57:33,2017
,1/20/2017 8:26:57,1457
,8/25/2014 13:42:1,2662
,3/19/2018 15:14:19,1220
,2/23/2015 9:32:44,1117
,3/24/2020 12:17:18,95
,1/3/2019 15:7:45,2541
,11/27/2018 9:8:1,1594
,2/10/2015 8:18:5,351
,2/4/2015 10:15:22,1592
,9/5/2014 12:48:23,376
,9/24/2015 13:9:13,2497
,5/13/2016 10:58:50,309
,6/5/2017 8:3:4,689
,1/1/2016 15:31:35,925
,10/22/2017 11:18:23,1572
,10/1/2016 13:8:35,2108
,11/13/2020 16:34:50,1221
,8/21/2014 12:38:56,2183
,9/6/2020 13:34:15,2613
,9/4/2018 16:53:2,1087
,7/3/2014 10:41:17,2903
,8/19/2014 11:40:53,392
,2/8/2015 9:44:41,2612
,3/15/2014 10:39:58,1293
,5/4/2018 8:21:41,1055
,9/15/2014 12:36:18,2482
,11/13/2016 16:31:41,2563
,11/6/2016 9:10:8,1337
,3/15/2018 15:40:28,2191
,1/16/2014 9:32:48,2548
,6/10/2015 11:40:53,1311
,10/22/2015 15:1:23,1707
,8/6/2016 10:20:48,1547
,6/3/2019 8:42:7,2688
,8/21/2016 10:12:10,2081
,11/6/2015 12:23:14,1389
,8/19/2015 10:9:19,1199
,2/15/2016 9:48:16,2117
,3/22/2014 12:36:44,1931
,2/18/2015 14:55:31,1361
,10/19/2016 10:51:37,2764
,4/27/2015 14:7:20,924
,2/1/2020 9:37:49,1026
,3/20/2014 13:9:57,2228
,6/21/2020 13:45:18,222
,1/23/2014 13:24:9,2450
,7/5/2017 9:52:0,2877
,7/1/2020 10:40:17,970
,11/8/2018 14:54:8,81
,6/7/2017 9:48:53,1189
,2/3/2014 13:57:8,680
,11/11/2019 13:47:27,1080
,4/13/2015 14:1:49,1794
,9/27/2015 14:25:37,1565
,1/9/2017 15:28:49,1832
,1/24/2015 9:56:36,784
,4/12/2017 8:10:51,2767
,9/26/2017 9:46:53,2645
,6/14/2015 14:23:35,2779
,2/5/2018 12:51:33,331
,9/13/2015 12:46:37,2696
,9/17/2020 13:10:26,2975
,8/18/2016 15:49:9,878
,9/10/2020 14:53:6,1762
,11/17/2018 14:20:3,1783
,7/25/2019 11:20:22,509
,5/2/2019 12:50:34,1480
,9/25/2017 13:32:29,718
,1/2/2019 9:31:57,1562
,7/12/2014 11:7:42,2900
,10/5/2020 15:11:49,627
,7/20/2016 10:56:8,1822
,2/22/2019 12:14:44,2970
,4/11/2017 12:49:17,971
,8/7/2014 9:14:56,1042
,11/26/2018 9:45:29,1697
,4/13/2019 15:15:36,2084
,8/11/2020 8:46:17,103
,5/17/2019 10:5:14,790
,2/3/2016 16:8:5,1323
,10/6/2016 16:55:50,2322
,2/7/2014 9:3:56,1311
,9/21/2017 16:26:32,975
,6/3/2019 10:3:8,720
,8/9/2019 8:46:14,1587
,3/21/2015 11:5:58,2949
,4/4/2019 13:12:7,2630
,8/1/2020 9:6:44,2699
,2/16/2014 14:26:49,575
,5/20/2020 13:26:7,1016
,5/16/2016 8:25:54,1339
,8/16/2017 14:33:57,1272
,5/24/2020 8:37:14,2055
,9/13/2015 12:56:44,1318
,1/27/2018 14:21:26,1382
,10/25/2015 9:53:44,2506
,5/5/2018 11:29:44,2764
,2/14/2019 8:54:16,1981
,11/25/2015 12:1:27,164
,8/19/2020 15:36:29,2431
,4/16/2020 13:45:8,688
,7/2/2018 9:31:4,1878
,3/22/2020 14:21:51,2126
,1/18/2016 16:0:57,2897
,4/25/2016 16:49:37,281
,4/5/2017 16:12:33,1575
,7/12/2018 14:45:16,828
,8/25/2017 15:22:5,542
,10/16/2019 8:23:13,242
,10/6/2018 10:53:53,2852
,6/6/2015 16:53:33,1417
,5/24/2016 12:34:8,2384
,1/5/2016 12:53:12,1574
,1/7/2018 10:27:3,1175
,1/21/2014 9:8:15,726
,5/1/2020 15:55:13,1104
,8/18/2015 10:54:26,1718
,11/10/2016 9:57:34,2876
,10/24/2020 9:19:25,2893
,5/19/2015 15:26:36,1552
,1/16/2018 10:20:47,596
,5/24/2018 16:55:23,1499
,4/5/2015 11:18:12,2861
,5/4/2018 8:17:24,265
,11/18/2016 15:52:21,1280
,11/11/2014 14:49:24,2073
,11/19/2015 15:31:26,2485
,1/5/2017 12:29:33,1370
,11/6/2017 10:40:23,2307
,7/4/2018 13:32:45,1253
,3/17/2019 10:28:17,1652
,11/22/2019 10:31:52,2820
,5/8/2017 9:57:22,2657
,6/20/2018 8:40:18,1077
,6/9/2015 15:33:30,354
,1/27/2017 11:35:20,163
,8/8/2020 8:53:37,1903
,6/26/2020 12:37:8,796
,10/27/2015 16:25:3,157
,1/26/2014 14:46:14,2729
,5/5/2016 9:31:16,1840
,4/2/2014 11:1:34,1808
,7/8/2020 13:54:5,2176
,1/6/2015 8:43:29,441
,8/10/2017 9:43:6,2316
,9/15/2019 9:3:19,1673
,4/7/2020 15:51:19,2415
,1/13/2014 10:22:43,599
,6/14/2020 16:0:3,311
,5/22/2017 12:37:46,2996
,10/3/2018 12:10:51,507
,3/17/2014 15:43:42,2605
,11/12/2018 11:47:24,1806
,3/2/2019 9:45:23,1329
,4/26/2014 8:28:14,1553
,8/15/2014 10:2:18,1907
,11/19/2015 10:25:24,1735
,6/13/2020 9:16:1,1580
,9/22/2018 14:19:10,1335
,1/9/2014 14:12:46,926
,1/9/2014 14:51:39,1808
,4/3/2014 15:28:15,2175
,6/14/2019 8:52:15,953
,11/7/2020 8:2:1,1707
,4/12/2018 12:37:10,919
,3/7/2014 10:34:13,1314
,8/11/2018 16:47:19,2445
,4/7/2017 8:25:27,216
,4/20/2015 8:5:5,539
,8/17/2016 11:44:27,282
,6/16/2018 10:14:8,1919
,11/15/2014 10:28:51,641
,9/6/2020 15:43:4,2438
,6/21/2019 8:44:44,2881
,9/10/2018 10:7:53,2430
,5/9/2015 12:30:45,1506
,7/11/2017 15:12:50,2040
,1/22/2019 16:46:16,2139
,6/17/2020 12:44:50,666
,11/26/2016 10:2:34,2324
,5/27/2020 11:9:38,2375
,7/2/2020 8:21:16,1604
,3/13/2016 8:40:4,778
,4/7/2019 11:15:10,2028
,6/24/2019 13:34:26,465
,9/22/2016 8:55:7,1764
,8/5/2020 12:54:2,733
,10/2/2017 12:24:31,1046
,10/17/2015 12:23:36,2241
,7/17/2020 8:43:45,1164
,10/3/2020 13:22:28,1146
,10/17/2019 12:48:10,41
,5/26/2014 11:30:30,2178
,6/14/2019 14:25:49,1949
,9/13/2019 13:6:7,640
,10/24/2014 16:14:33,2382
,7/10/2015 15:20:52,574
,4/23/2019 9:5:36,188
,5/16/2016 8:17:52,2239
,2/25/2014 12:21:26,721
,9/26/2020 14:26:33,1946
,8/22/2014 11:38:24,1918
,5/16/2018 15:28:11,2778
,6/20/2016 9:27:8,2747
,8/1/2018 14:35:12,796
,7/11/2016 15:52:33,2583
,2/7/2020 13:11:12,2885
,3/14/2018 16:15:13,1643
,3/15/2020 12:50:3,1617
,8/12/2018 9:9:1,2765
,9/27/2016 16:2:0,2585
,8/20/2015 16:50:41,2314
,8/19/2019 10:43:43,633
,7/19/2014 16:28:9,1729
,5/5/2020 16:14:41,1269
,2/2/2019 9:41:56,2922
,9/13/2017 10:0:44,1116
,10/3/2019 10:49:38,1642
,3/6/2020 8:39:7,960
,4/12/2014 8:53:35,1873
,4/24/2020 10:50:43,300
,7/5/2020 16:35:20,1117
,2/13/2014 8:13:24,693
,6/26/2014 12:33:52,2093
,7/9/2015 10:34:32,1853
,4/21/2018 11:36:30,1596
,4/11/2019 11:10:53,1180
,1/14/2020 14:30:47,208
,6/3/2019 8:49:10,1960
,8/8/2016 15:4:53,2765
,7/22/2020 9:22:26,651
,11/10/2017 10:19:46,1571
,4/1/2015 11:40:56,2617
,2/15/2018 12:34:56,2663
,11/23/2015 8:47:34,97
,5/1/2017 13:41:46,176
,11/9/2014 15:5:37,1544
,5/15/2019 12:25:28,749
,4/2/2020 10:51:30,951
,7/8/2014 10:52:26,599
,4/11/2015 8:56:28,1597
,3/14/2014 9:51:21,1807
,5/10/2016 13:44:2,2147
,11/27/2016 16:26:9,2194
,6/12/2015 14:53:19,1298
,10/6/2017 9:43:19,1550
,10/21/2019 14:17:0,2125
,7/3/2018 16:14:54,168
,10/5/2018 10:23:41,399
,4/6/2018 16:36:43,436
,10/7/2016 9:27:21,985
,5/3/2015 9:41:47,1649
,10/13/2018 13:37:3,1945
,10/27/2014 13:35:49,85
,7/23/2020 14:42:15,139
,11/17/2018 11:3:45,548
,3/5/2019 16:37:33,944
,8/12/2016 15:7:51,404
,8/7/2020 11:5:9,612
,1/2/2018 15:11:14,1917
,1/22/2016 16:54:12,1122
,10/15/2019 11:52:57,2396
,5/6/2018 12:37:35,2401
,3/2/2016 9:57:42,1569
,10/13/2017 12:57:7,1832
,6/12/2019 9:53:45,732
,1/15/2019 8:21:18,2415
,4/27/2020 10:21:19,688
,4/18/2018 12:52:7,1350
,8/26/2015 16:44:27,812
,11/16/2017 16:48:52,1096
,1/20/2017 11:45:49,85
,4/24/2018 13:10:40,410
,4/20/2017 10:57:13,80
,8/24/2018 12:8:39,2994
,9/6/2018 14:11:54,1211
,10/18/2016 15:3:51,1687
,11/8/2016 13:58:47,1217
,8/9/2018 11:51:6,514
,5/25/2016 13:3:45,22
,2/23/2018 9:31:4,2189
,6/4/2020 8:7:32,731
,10/6/2014 16:19:38,2527
,10/20/2019 13:25:0,1243
,7/24/2018 9:48:5,1499
,10/15/2017 13:52:12,1720
,10/20/2017 10:53:17,2343
,3/24/2020 11:17:39,2250
,4/14/2017 10:4:15,2242
,9/2/2016 10:55:22,2266
,10/18/2017 9:16:46,1950
,11/19/2018 12:9:18,859
,6/4/2018 13:32:52,2855
,11/22/2014 16:52:49,1751
,4/9/2017 15:9:47,2195
,2/18/2014 9:16:4,1918
,6/3/2015 10:25:19,2125
,10/3/2020 16:58:52,297
,9/10/2018 16:39:34,80
,8/23/2015 8:11:7,284
,7/14/2017 14:33:34,1853
,4/17/2019 16:8:14,1156
,11/7/2019 8:32:20,1536
,10/1/2015 16:50:47,2305
,1/13/2014 12:58:24,2057
,6/9/2019 11:52:5,619
,10/1/2016 8:43:39,958
,3/15/2020 15:50:23,1585
,10/26/2015 13:38:42,2808
,6/13/2014 12:43:52,1646
,9/21/2014 8:12:26,1578
,1/20/2015 15:50:18,2445
,8/26/2017 8:27:18,2608
,11/4/2015 11:13:56,309
,8/2/2019 9:50:42,2446
,3/14/2015 12:0:12,110
,9/5/2018 16:44:51,2587
,4/9/2017 11:24:9,876
,5/27/2016 13:21:10,2788
,8/21/2019 12:18:28,2830
,5/14/2020 12:12:1,1107
,6/14/2018 10:16:12,2882
,9/8/2015 13:29:36,1164
,4/12/2014 15:8:18,1802
,6/4/2017 10:40:13,1579
,8/19/2018 8:51:7,2954
,3/12/2017 11:25:29,2947
,1/24/2016 10:29:23,1376
,9/7/2019 8:1:58,602
,4/1/2015 16:4:9,794
,11/26/2015 8:57:9,1804
,9/10/2015 11:16:32,1109
,11/20/2017 9:30:46,855
,9/8/2014 15:51:32,2948
,6/7/2018 12:40:43,887
,7/1/2018 15:35:23,752
,4/19/2019 13:45:44,1913
,8/1/2018 13:40:24,2940
,6/3/2018 13:38:9,1904
,9/11/2019 11:8:33,599
,9/9/2020 8:20:5,480
,4/1/2016 16:15:27,477
,2/20/2016 11:49:29,2160
,6/24/2015 11:32:54,315
,8/3/2020 14:55:29,407
,7/21/2014 16:36:2,2223
,1/16/2020 8:53:32,969
,3/22/2015 14:30:29,2265
,1/16/2020 10:13:40,2023
,9/18/2014 16:21:8,1804
,2/9/2016 14:42:44,2049
,11/16/2016 11:12:42,967
,3/26/2015 16:49:15,227
,9/12/2018 8:33:39,2967
,1/5/2014 9:11:38,1895
,9/23/2018 8:29:55,1689
,4/4/2016 16:50:10,2710
,4/18/2017 14:36:35,2451
,1/19/2016 9:22:7,444
,2/16/2015 8:19:49,1820
,11/20/2020 12:38:8,389
,6/27/2019 11:27:49,2300
,3/3/2014 11:2:56,701
,3/20/2019 10:46:7,1733
,3/9/2017 16:56:16,2560
,8/6/2018 9:8:26,188
,10/22/2017 9:32:4,1308
,8/13/2014 14:47:19,2378
,2/19/2016 12:44:45,2139
,9/23/2020 16:27:52,1413
,8/17/2014 12:25:1,915
,9/27/2018 16:16:1,2365
,6/2/2019 10:57:33,1690
,4/12/2016 14:24:9,1907
,8/7/2018 16:9:55,2069
,9/8/2016 8:9:7,348
,2/16/2020 11:37:15,441
,11/7/2019 14:8:14,567
,5/5/2020 13:24:21,1114
,8/5/2015 16:15:44,2074
,5/26/2017 12:10:8,1704
,9/12/2014 9:7:33,401
,8/4/2014 12:27:16,2071
,8/12/2016 13:51:23,1516
,11/15/2018 14:33:56,1463
,8/6/2018 10:56:0,555
,4/7/2019 8:37:49,602
,10/4/2018 14:8:40,606
,5/26/2019 10:51:27,772
,5/7/2018 8:23:21,1916
,1/19/2014 11:56:45,759
,8/24/2014 11:21:42,2179
,5/4/2020 8:30:49,2214
,2/9/2015 8:31:51,2801
,6/14/2018 11:40:57,2928
,11/5/2019 10:5:48,898
,10/21/2014 8:24:3,2494
,7/23/2016 14:15:55,146
,11/10/2016 16:46:11,473
,8/19/2014 9:0:35,2937
,6/22/2016 10:16:30,633
,1/25/2018 15:17:46,1309
,9/25/2017 15:57:16,2843
,11/15/2019 15:56:21,328
,10/24/2019 16:7:40,608
,1/4/2016 11:38:17,2401
,3/10/2016 14:26:41,1995
,7/10/2018 15:36:38,1037
,10/27/2019 13:36:16,617
,11/19/2017 13:14:4,1265
,5/3/2017 9:4:13,966
,1/20/2016 15:53:28,1861
,8/9/2017 14:23:46,1056
,2/10/2014 14:18:54,1088
,5/13/2017 9:20:15,2834
,11/3/2018 16:43:8,2705
,7/18/2017 11:11:7,2947
,4/14/2016 10:22:7,1903
,1/1/2020 8:25:42,2987
,4/26/2018 10:12:49,1723
,2/22/2018 14:41:9,2304
,9/13/2018 16:35:56,421
,11/10/2014 8:7:25,1325
,5/8/2017 16:33:56,2941
,6/26/2018 9:42:39,372
,8/15/2019 14:16:50,1454
,2/19/2017 12:57:43,2869
,1/15/2015 14:38:15,1607
,7/20/2017 16:54:44,1697
,6/25/2018 10:16:39,890
,8/10/2014 12:55:37,572
,4/16/2016 10:34:52,14
,8/19/2014 11:33:36,2812
,5/8/2017 8:36:19,895
,10/6/2017 9:11:47,1159
,1/24/2018 10:4:54,113
,8/10/2016 16:21:49,276
,5/11/2014 9:41:27,1461
,6/10/2016 10:55:16,627
,7/6/2014 15:6:13,1780
,3/18/2014 9:42:50,1278
,6/20/2019 14:13:44,2282
,8/26/2018 14:43:56,2706
,3/3/2015 9:49:55,2224
,9/27/2020 11:31:41,668
,8/22/2017 9:14:50,1616
,9/11/2016 10:10:28,841
,11/16/2019 15:23:27,845
,5/19/2017 12:22:10,2684
,3/7/2019 8:9:23,2940
,2/9/2015 11:6:15,668
,4/2/2017 11:14:29,309
,3/17/2015 9:2:45,2875
,5/7/2018 10:46:54,1467
,4/20/2015 16:29:58,352
,6/4/2017 15:51:7,2930
,10/11/2016 10:22:53,2702
,1/13/2020 11:35:52,2619
,3/12/2020 10:26:15,2674
,10/5/2019 15:3:22,1871
,8/8/2018 12:52:7,2249
,11/17/2020 12:0:0,106
,9/12/2020 11:53:27,2057
,1/24/2020 15:31:10,2445
,11/4/2014 13:29:0,411
,9/9/2020 12:40:52,671
,1/23/2020 16:32:25,1766
,11/23/2018 9:58:1,2879
,11/27/2015 9:19:40,2647
,2/11/2018 11:28:53,2440
,1/16/2014 13:34:51,2148
,10/3/2014 14:40:12,1205
,6/27/2019 13:38:23,995
,2/18/2018 15:30:3,926
,9/3/2016 14:41:31,164
,5/25/2018 12:40:57,2739
,9/10/2019 15:3:32,433
,6/3/2018 11:29:3,1818
,5/3/2015 9:14:48,1991
,6/27/2019 13:39:21,1474
,7/26/2015 16:18:55,332
,10/25/2017 9:45:48,1743
,4/19/2017 14:28:37,1641
,1/9/2017 11:57:53,1475
,2/12/2015 11:22:57,2939
,2/4/2016 14:53:41,2981
,9/22/2020 13:44:40,2856
,11/8/2016 14:58:14,1064
,9/11/2014 13:18:52,262
,2/24/2019 16:30:14,947
,11/9/2014 12:53:33,129
,4/19/2015 8:56:30,374
,11/22/2020 12:27:45,1505
,5/1/2016 16:4:27,1473
,7/21/2014 16:25:38,2248
,1/24/2020 10:54:24,891
,5/3/2018 16:31:49,2943
,5/24/2017 12:24:20,2979
,11/21/2019 9:32:29,1532
,9/13/2020 12:2:21,2715
,5/22/2016 14:53:57,2568
,7/11/2017 13:22:1,679
,8/12/2016 10:16:20,915
,1/3/2018 14:6:49,2962
,11/13/2017 8:45:5,511
,1/1/2019 9:36:35,2181
,7/25/2016 10:47:38,2032
,9/21/2016 16:43:16,1667
,4/26/2014 8:17:56,1022
,8/17/2016 8:1:34,330
,6/17/2017 13:1:7,2215
,2/4/2017 12:5:24,603
,5/5/2017 15:33:36,347
,6/7/2020 10:57:26,918
,1/1/2015 11:56:0,1259
,7/5/2020 15:19:51,225
,4/21/2015 10:43:54,1183
,6/25/2014 13:7:7,301
,8/8/2016 16:21:44,2223
,7/23/2017 11:47:50,148
,9/10/2019 11:8:45,533
,9/11/2017 15:45:43,421
,11/8/2016 8:52:40,2336
,7/26/2015 14:0:0,1418
,11/25/2016 12:45:52,2030
,6/19/2018 9:49:53,1492
,7/3/2020 15:25:58,2418
,9/21/2015 9:45:29,2240
,4/20/2016 12:16:56,1396
,6/2/2015 8:58:40,1991
,8/17/2018 9:21:41,2514
,2/8/2014 16:50:45,172
,3/5/2018 15:8:6,5
,4/12/2014 9:24:0,1994
,9/1/2015 12:57:55,1624
,9/11/2017 16:8:27,2370
,10/9/2020 12:41:2,547
,1/11/2018 13:34:21,1396
,9/19/2019 16:24:22,682
,10/6/2015 14:57:54,477
,4/2/2019 16:17:35,668
,8/23/2016 10:13:56,907
,5/4/2014 9:52:50,2760
,10/16/2017 9:28:51,2649
,5/2/2014 15:42:39,1449
,6/1/2016 13:2:41,2244
,7/10/2017 14:35:26,2745
,2/10/2019 15:41:52,305
,2/23/2020 9:18:0,2932
,9/11/2020 13:18:20,1742
,5/26/2017 12:23:2,2425
,8/27/2016 15:35:16,2361
,5/12/2019 8:15:8,474
,2/20/2014 10:56:11,1102
,9/26/2019 13:6:9,1901
,4/7/2018 11:20:47,1866
,4/25/2020 9:40:53,1060
,10/9/2019 8:27:52,2215
,9/1/2020 15:31:29,651
,3/16/2018 12:7:43,1737
,2/21/2018 16:23:10,2481
,6/26/2020 14:14:42,2509
,3/23/2019 8:38:51,2989
,7/20/2017 13:30:48,1748
,8/23/2016 11:51:25,534
,2/5/2015 10:21:54,1763
,8/21/2018 9:8:50,316
,9/15/2014 9:21:10,1070
,5/2/2016 11:12:3,2012
,11/12/2017 8:1:5,1606
,5/19/2019 15:49:22,2396
,11/5/2015 9:21:7,2505
,5/2/2014 9:54:17,2337
,7/24/2020 14:34:23,1465
,11/17/2016 8:41:47,2198
,9/9/2015 13:7:21,2343
,2/2/2015 10:4:26,378
,9/15/2017 11:36:22,2405
,11/19/2020 12:29:52,2687
,2/20/2020 11:55:43,2503
,7/5/2019 16:26:1,1464
,3/16/2019 13:55:39,1831
,5/21/2014 13:38:2,2025
,4/5/2015 11:10:9,2371
,9/25/2017 8:47:11,2284
,8/13/2015 15:57:58,2871
,5/18/2014 11:46:10,2415
,9/7/2016 8:23:28,1621
,4/9/2014 9:30:23,2811
,3/17/2016 13:48:41,2476
,2/9/2016 11:38:7,1028
,9/22/2020 8:25:41,1050
,1/6/2017 11:14:24,464
,4/25/2019 8:28:11,1663
,5/8/2015 11:46:18,714
,7/25/2018 15:15:26,876
,3/22/2016 15:46:37,636
,6/6/2015 8:34:34,731
,10/16/2020 11:48:58,1833
,11/20/2018 9:32:18,2404
,7/2/2017 16:5:24,1647
,6/17/2015 8:25:49,1394
,5/3/2015 8:40:22,1011
,10/6/2015 13:29:28,1045
,1/15/2020 11:40:30,2064
,3/17/2020 15:13:27,2638
,11/20/2020 10:51:31,2742
,7/10/2018 15:52:18,1727
,10/26/2016 15:26:55,1622
,8/12/2016 13:10:21,2275
,10/27/2015 14:28:53,1206
,4/5/2014 10:16:4,1373
,7/13/2018 8:10:32,2245
,4/3/2020 16:46:18,865
,4/7/2018 8:52:15,2991
,7/27/2018 15:39:3,368
,9/1/2018 14:46:13,203
,8/14/2016 9:39:16,337
,6/18/2019 9:54:10,2182
,8/5/2014 8:5:0,381
,5/9/2020 11:45:18,2065
,7/10/2014 13:56:55,1413
,3/2/2019 13:3:19,976
,11/9/2019 10:35:54,2253
,6/26/2019 10:34:31,297
,4/19/2018 11:36:14,1065
,8/22/2018 11:18:15,1760
,10/27/2014 14:38:38,392
,10/12/2017 16:0:38,469
,2/15/2017 14:38:54,1040
,4/10/2018 10:32:16,1426
,5/18/2018 14:41:24,2365
,7/22/2016 13:58:55,290
,8/22/2014 16:9:8,1
,4/14/2015 16:3:52,576
,10/11/2016 12:12:43,2788
,7/8/2016 9:26:50,538
,4/10/2018 12:21:7,700
,11/13/2014 13:41:11,26
,4/4/2015 14:45:17,2364
,5/15/2020 9:17:0,2846
,7/4/2014 9:6:24,406
,7/4/2018 15:8:5,2716
,5/19/2017 8:32:35,255
,2/12/2020 12:32:20,988
,7/26/2014 13:34:35,2373
,10/5/2014 12:27:41,1522
,5/26/2016 16:38:38,2316
,8/14/2020 12:47:28,1390
,7/4/2016 8:19:47,65
,6/19/2019 14:40:45,392
,3/4/2019 10:18:54,18
,8/11/2015 11:51:56,1267
,10/6/2018 15:55:31,1171
,4/6/2017 10:57:33,58
,8/14/2015 16:20:1,2951
,1/10/2015 16:35:4,136
,3/17/2016 10:17:1,1476
,1/2/2014 16:7:29,466
,5/18/2014 13:16:49,717
,3/18/2015 8:7:44,596
,10/16/2018 9:25:25,2068
,5/21/2020 12:5:13,977
,6/7/2018 13:0:34,301
,2/25/2017 15:48:37,567
,2/5/2016 12:58:3,1560
,5/5/2016 9:29:41,801
,8/14/2016 14:12:57,1963
,9/12/2017 13:55:58,8
,3/18/2020 9:51:4,2920
,9/14/2014 10:24:45,2548
,2/13/2019 14:36:39,2221
,6/24/2014 9:11:37,29
,11/10/2016 8:20:26,2535
,1/13/2019 12:0:32,253
,7/1/2017 14:51:26,1378
,9/2/2014 11:0:23,1415
,6/5/2015 9:42:16,440
,6/19/2017 11:15:7,984
,8/22/2017 9:11:29,642
,3/9/2016 11:21:5,2261
,1/19/2020 16:51:10,2161
,11/9/2020 14:2:42,1720
,1/4/2019 11:51:23,123
,4/18/2017 13:10:41,367
,9/1/2018 13:26:53,1127
,5/3/2015 16:1:0,817
,6/12/2017 11:15:57,1838
,2/11/2016 9:22:8,2661
,4/22/2018 13:53:24,342
,6/23/2014 8:49:13,2370
,1/14/2019 11:21:22,1780
,11/4/2016 8:26:10,2951
,3/17/2019 13:36:54,2027
,9/9/2020 9:50:5,1486
,4/22/2014 12:4:8,497
,10/5/2020 10:14:44,2147
,10/20/2019 14:20:4,2134
,11/17/2019 14:54:31,2405
,8/3/2016 12:44:50,2147
,10/17/2017 16:16:27,1290
,11/14/2017 10:26:17,2277
,4/9/2018 16:54:13,2026
,2/18/2019 16:8:56,1187
,6/12/2015 11:7:34,234
,1/1/2019 12:15:39,889
,6/2/2017 13:19:50,2707
,6/24/2018 16:42:4,1449
,7/16/2018 15:8:32,637
,6/27/2019 9:18:39,1398
,8/8/2020 9:32:11,1255
,3/1/2019 11:4:21,2414
,5/21/2017 12:14:26,211
,1/3/2016 11:7:33,2543
,11/5/2017 14:7:18,1174
,11/22/2020 14:27:8,1153
,7/2/2017 8:35:15,67
,2/13/2020 13:24:22,572
,10/11/2020 13:2:25,2652
,1/20/2017 15:34:16,2158
,6/24/2020 9:9:35,462
,8/16/2018 11:26:17,1681
,4/25/2019 9:2:22,2019
,3/12/2017 12:14:7,2384
,6/17/2019 13:14:24,269
,5/23/2020 11:15:55,487
,11/5/2014 10:22:2,1988
,1/3/2014 9:45:16,720
,11/24/2015 11:41:53,768
,5/13/2017 13:8:57,2474
,5/19/2016 8:49:15,1948
,8/4/2014 9:50:51,1998
,3/11/2015 16:0:18,752
,6/12/2020 11:41:49,1555
,6/1/2019 14:7:35,2069
,1/17/2018 13:6:20,2702
,5/5/2014 12:8:29,2852
,7/14/2020 10:6:18,252
,3/14/2016 12:56:21,2606
,11/12/2016 13:6:35,2195
,1/21/2020 12:19:36,1138
,7/2/2016 12:30:29,2085
,7/18/2018 8:19:57,920
,4/7/2016 13:16:1,982
,4/9/2018 8:33:45,1805
,1/18/2014 9:56:25,2673
,4/15/2014 12:19:29,1288
,8/24/2019 10:30:10,127
,11/8/2014 11:40:10,571
,6/9/2019 8:35:30,52
,5/16/2016 8:40:25,149
,6/14/2018 9:1:54,1293
,8/4/2018 14:30:11,2200
,8/20/2020 12:31:47,2965
,10/1/2015 16:47:47,1404
,11/23/2017 9:2:43,2327
,5/12/2017 14:36:27,2975
,10/20/2020 8:52:38,2360
,5/24/2019 15:5:6,637
,10/11/2014 13:4:11,2466
,10/19/2017 15:5:10,1619
,3/22/2015 8:44:8,1706
,4/22/2015 8:13:42,400
,10/25/2020 15:12:7,881
,9/4/2015 13:40:57,2167
,9/27/2017 12:52:51,1974
,8/13/2016 8:16:35,1381
,8/4/2015 13:43:10,1374
,4/24/2016 9:12:31,192
,8/10/2017 14:13:30,1190
,4/12/2018 14:30:12,1018
,9/11/2017 11:40:29,2533
,8/22/2016 14:38:33,684
,7/21/2015 12:8:23,175
,8/21/2016 15:27:13,739
,8/18/2016 9:50:38,1094
,10/21/2019 16:19:51,480
,8/14/2015 9:57:54,756
,7/26/2018 8:51:53,298
,2/22/2017 8:29:31,313
,9/4/2018 11:8:0,1916
,11/4/2015 12:3:24,1579
,9/17/2018 11:17:38,2866
,2/10/2015 16:17:56,434
,9/20/2020 8:39:5,2043
,7/27/2017 11:0:52,373
,8/23/2015 16:32:14,2516
,4/13/2014 8:39:3,505
,4/7/2017 8:6:34,2869
,4/1/2020 9:17:24,2460
,4/1/2020 12:41:25,2444
,4/7/2020 8:27:23,211
,10/13/2020 16:12:45,2333
,1/26/2014 12:5:42,2858
,9/16/2019 11:13:57,295
,7/21/2016 8:46:1,2150
,1/2/2020 16:28:20,1404
,5/15/2017 15:19:24,2757
,4/25/2020 12:46:35,1532
,4/5/2019 8:51:27,2549
,1/1/2017 14:51:22,1011
,5/7/2018 12:46:51,2632
,1/22/2015 13:30:12,2652
,1/20/2016 10:39:12,2099
,11/20/2019 15:17:50,1751
,4/27/2018 10:11:28,334
,7/15/2014 8:34:53,328
,9/5/2014 15:34:21,1743
,8/22/2015 9:17:7,1944
,11/5/2018 10:8:41,28
,10/25/2017 14:54:25,1565
,6/21/2014 9:50:6,1938
,1/17/2020 12:12:18,1781
,11/24/2014 11:47:7,42
,9/3/2015 14:8:44,268
,7/10/2014 15:13:18,2757
,2/27/2016 10:39:2,1557
,11/8/2018 14:8:18,2684
,10/1/2019 10:44:35,1555
,11/26/2017 15:52:38,1513
,9/27/2014 9:32:11,2176
,2/22/2014 13:48:6,595
,1/20/2017 8:49:8,1223
,8/19/2014 13:7:39,450
,1/5/2016 15:42:37,1464
,9/1/2017 10:15:21,526
,8/21/2016 16:40:17,2918
,4/18/2014 14:44:23,543
,6/1/2016 14:7:58,2598
,10/22/2019 10:52:45,1307
,5/12/2015 14:34:51,2408
,2/1/2015 14:12:0,442
,2/11/2020 9:22:52,1941
,1/16/2018 13:12:0,467
,10/17/2019 15:48:42,2020
,1/19/2019 12:32:40,2003
,7/5/2019 12:44:45,1645
,6/20/2015 13:48:0,486
,11/13/2015 13:13:38,1401
,2/15/2014 11:39:9,1428
,9/7/2014 15:37:31,2763
,8/13/2020 14:10:26,491
,4/14/2017 11:34:29,1278
,2/24/2018 10:9:25,2560
,2/25/2015 16:34:32,614
,7/2/2018 15:3:52,225
,11/13/2019 9:26:38,1147
,8/11/2018 8:36:11,2009
,1/19/2018 11:10:31,2309
,11/2/2016 8:11:12,255
,2/17/2020 11:18:32,312
,10/17/2020 15:32:34,1438
,3/10/2016 8:46:21,920
,1/22/2015 9:6:30,2737
,3/1/2018 12:31:48,92
,8/1/2015 14:15:49,135
,2/9/2020 8:9:17,1127
,2/26/2019 13:35:6,1921
,8/11/2019 8:9:7,353
,11/14/2015 9:13:3,943
,5/2/2014 15:42:44,134
,1/20/2020 16:1:3,2503
,11/27/2017 14:39:54,1863
,7/22/2016 11:36:54,356
,4/16/2015 9:45:23,337
,5/20/2014 13:54:57,842
,1/6/2020 12:40:46,2714
,9/24/2014 12:12:50,1033
,10/3/2014 8:11:57,739
,5/6/2015 15:46:36,983
,8/1/2014 16:40:6,831
,5/3/2020 9:3:35,789
,8/17/2016 14:7:13,1001
,6/8/2017 12:16:58,2844
,10/14/2015 13:27:39,1467
,10/9/2020 16:34:18,1403
,6/4/2016 14:26:9,2035
,8/19/2017 10:51:15,1381
,4/16/2018 9:44:39,2554
,2/25/2017 12:51:18,958
,6/10/2017 14:0:16,2097
,8/5/2017 11:16:39,627
,1/22/2014 15:47:24,952
,4/22/2018 9:8:19,2062
,5/1/2018 12:45:46,714
,3/18/2020 12:14:50,689
,8/13/2017 9:36:12,2239
,9/12/2016 13:28:54,1921
,6/10/2019 13:51:43,94
,10/11/2016 14:45:25,1604
,8/6/2018 16:34:56,594
,3/1/2018 11:21:12,2441
,6/4/2015 9:51:25,2851
,9/21/2019 8:11:9,176
,5/9/2019 8:9:57,1013
,6/10/2020 12:47:1,2978
,5/8/2015 12:42:4,1346
,5/14/2014 12:10:8,641
,6/4/2015 14:35:35,1941
,5/1/2020 15:51:8,2490
,3/19/2017 16:34:38,228
,11/12/2016 9:25:20,2832
,6/4/2016 12:36:46,989
,4/8/2015 9:34:28,1045
,11/23/2014 13:41:39,2142
,5/9/2018 15:27:29,2240
,10/22/2017 14:37:54,155
,5/24/2018 9:42:55,793
,11/3/2020 9:50:24,989
,1/14/2017 8:9:4,1406
,11/20/2018 12:0:13,818
,3/13/2014 10:29:34,2464
,6/5/2020 16:2:0,2085
,3/9/2014 8:28:22,2113
,2/27/2016 8:25:19,1564
,5/19/2016 16:38:38,2224
,8/20/2017 13:25:11,1270
,4/1/2018 8:43:9,2519
,11/17/2016 12:2:41,2360
,9/21/2014 9:43:5,2365
,6/2/2016 8:29:18,1321
,1/17/2015 12:24:24,512
,11/9/2014 11:32:40,658
,8/14/2017 16:36:5,1853
,6/23/2016 11:24:12,108
,3/22/2015 9:31:26,1107
,8/22/2017 13:23:43,656
,8/18/2016 9:8:36,544
,9/22/2017 16:19:34,1550
,2/27/2020 13:50:11,1207
,3/24/2017 8:4:47,2774
,9/12/2014 15:28:34,1112
,10/10/2014 9:28:12,2157
,7/11/2017 16:5:4,2782
,7/2/2019 9:29:12,449
,3/21/2020 8:45:29,1983
,10/24/2020 12:50:26,2356
,6/10/2018 10:24:29,2625
,2/21/2017 9:37:12,2638
,8/15/2019 10:30:49,1192
,2/18/2015 11:48:28,253
,11/11/2018 13:6:49,1164
,7/4/2016 16:49:4,651
,3/19/2014 9:54:13,1405
,8/14/2017 15:56:44,505
,3/15/2016 10:17:54,847
,5/18/2017 8:30:45,75
,11/18/2020 13:35:35,456
,4/17/2014 13:57:22,1329
,9/12/2015 13:42:52,1507
,6/12/2015 11:34:23,1427
,9/3/2016 16:10:27,1545
,3/20/2016 13:20:0,999
,5/6/2020 8:3:3,2293
,8/21/2016 11:33:22,888
,11/24/2020 16:22:47,2434
,9/26/2014 11:6:12,1893
,7/12/2018 9:12:14,1853
,6/8/2018 10:22:48,655
,5/23/2018 8:22:46,753
,6/9/2020 14:16:19,1303
,10/27/2020 8:40:50,2328
,5/25/2014 15:34:53,1961
,6/26/2018 8:12:45,2500
,7/13/2019 13:17:48,1350
,10/3/2016 10:44:12,2423
,1/26/2019 13:12:55,26
,8/17/2016 13:9:29,2021
,5/2/2014 12:10:42,1383
,8/2/2016 13:50:23,2299
,3/18/2015 8:58:45,2585
,11/6/2019 15:13:15,1363
,11/2/2020 12:18:30,2598
,11/25/2017 15:43:24,887
,4/25/2018 11:7:10,1831
,4/14/2017 8:34:2,2874
,3/8/2019 8:46:52,2578
,6/12/2018 15:48:0,1970
,9/22/2018 13:50:52,1067
,1/4/2020 13:18:50,1979
,6/26/2017 13:13:14,751
,6/26/2016 13:58:40,2917
,2/24/2020 9:22:47,1933
,9/6/2014 15:48:15,2760
,5/10/2017 15:28:21,2498
,2/16/2020 13:5:53,947
,3/15/2017 14:20:7,2831
,3/26/2014 13:36:41,2582
,7/12/2020 8:42:14,1613
,5/27/2017 14:19:57,732
,3/17/2017 10:52:49,2808
,1/8/2014 15:50:44,221
,8/25/2019 13:14:14,1688
,5/20/2018 13:27:58,1604
,11/1/2017 8:26:4,2606
,1/14/2014 16:19:11,643
,3/9/2016 10:43:28,1920
,9/1/2016 11:48:50,869
,5/1/2015 9:50:57,2773
,7/7/2020 9:25:6,799
,10/12/2016 9:17:32,540
,5/24/2020 16:33:48,771
,4/12/2018 13:36:26,1791
,4/10/2018 12:18:32,1748
,3/17/2019 8:54:40,1639
,3/2/2015 8:33:40,2782
,7/23/2014 8:4:29,1665
,1/17/2018 11:48:8,2830
,9/3/2014 10:8:26,181
,2/3/2017 16:11:53,731
,5/12/2014 11:47:27,2574
,1/9/2015 8:28:45,2640
,6/12/2019 8:32:53,505
,3/27/2017 9:16:30,1394
,8/19/2019 16:21:5,2719
,9/6/2016 14:28:11,1103
,5/25/2019 11:31:36,114
,4/15/2019 12:57:12,1919
,10/11/2020 15:55:57,2720
,2/19/2017 12:23:28,121
,4/11/2018 8:35:37,2310
,7/22/2017 12:47:46,162
,10/1/2015 8:37:48,127
,8/24/2016 10:2:18,369
,3/8/2017 15:10:6,2209
,10/6/2020 15:20:33,2083
,1/4/2018 15:10:33,2392
,3/4/2014 11:2:4,713
,9/20/2019 10:28:53,998
,1/7/2015 16:58:31,907
,9/27/2014 10:3:7,672
,3/3/2015 10:9:34,1427
,9/7/2016 10:10:35,1915
,11/11/2017 8:38:20,2985
,10/14/2016 16:13:50,1157
,9/25/2016 9:50:57,2698
,10/10/2017 12:34:46,845
,6/9/2014 9:15:47,2902
,4/12/2014 10:6:7,840
,10/4/2014 10:6:13,2433
,4/15/2018 9:12:56,2000
,11/21/2017 16:43:32,2719
,2/19/2018 16:40:47,2119
,3/5/2014 14:43:53,600
,9/11/2016 16:43:3,876
,10/3/2014 14:35:36,2886
,4/18/2014 10:29:23,2434
,3/21/2014 16:10:16,12
,6/23/2018 10:18:26,1602
,10/18/2019 16:9:25,1222
,4/11/2014 8:0:7,247
,8/17/2016 11:57:48,2719
,8/13/2015 9:5:26,867
,11/5/2016 9:38:2,2371
,11/18/2014 13:1:1,1208
,1/13/2018 10:41:19,97
,4/18/2017 12:8:33,363
,4/10/2014 16:45:41,1140
,10/25/2019 10:20:0,2256
,1/7/2017 15:45:39,2274
,11/20/2015 14:35:39,109
,2/15/2019 9:14:58,670
,1/20/2019 13:31:47,1550
,6/19/2018 16:21:27,1992
,1/25/2016 10:20:19,2777
,11/5/2018 14:49:25,865
,11/25/2018 10:30:43,444
,4/23/2020 13:6:7,238
,1/8/2020 15:14:12,2955
,8/17/2015 10:41:40,2739
,7/18/2018 14:6:56,2976
,7/11/2017 14:27:21,2929
,9/25/2017 15:4:37,798
,8/3/2018 8:1:18,5
,7/26/2018 16:23:5,838
,1/13/2020 14:4:38,2308
,2/26/2017 9:19:31,760
,4/19/2019 16:6:28,2245
,8/9/2019 16:30:47,2211
,1/27/2015 13:46:2,2041
,4/10/2018 8:3:42,2367
,6/6/2017 12:12:50,2098
,5/3/2015 14:55:11,1829
,7/25/2018 16:31:1,2494
,6/18/2020 12:10:57,378
,10/6/2017 12:17:50,671
,4/12/2019 13:15:41,278
,7/24/2018 14:43:6,2262
,8/16/2015 16:48:51,1496
,7/24/2016 10:43:5,779
,2/3/2018 10:54:57,2054
,4/23/2015 9:0:38,2423
,5/7/2020 12:7:21,365
,11/1/2016 8:32:1,1283
,8/6/2017 8:42:6,2043
,10/23/2018 12:10:30,1049
,8/23/2018 16:23:17,888
,5/22/2019 13:30:52,2844
,10/2/2017 8:35:7,541
,6/2/2017 14:6:11,2729
,8/1/2015 8:16:26,2161
,8/18/2019 10:34:49,1914
,11/8/2019 14:8:36,2774
,7/2/2015 12:47:19,1581
,1/22/2020 14:15:1,963
,5/23/2017 15:44:18,36
,7/14/2018 8:6:44,1640
,8/6/2016 14:15:40,581
,2/1/2017 14:27:30,1251
,8/1/2020 12:8:55,1617
,7/10/2020 13:34:20,2055
,8/22/2017 9:14:38,835
,5/23/2014 12:27:27,1647
,6/21/2017 9:45:30,2933
,5/19/2018 10:54:30,2625
,2/10/2018 15:34:22,728
,5/7/2015 8:29:20,1559
,3/17/2019 9:12:19,1774
,8/23/2017 8:22:3,1333
,11/15/2018 11:14:1,1825
,4/15/2018 13:46:16,305
,2/23/2019 9:58:10,899
,4/3/2017 9:29:47,1460
,2/7/2016 8:41:39,1895
,3/10/2015 13:58:16,404
,1/18/2015 9:18:51,272
,11/27/2015 15:32:33,2282
,6/20/2020 11:43:10,2233
,8/19/2019 12:30:45,680
,5/26/2019 16:24:7,2507
,2/12/2014 10:52:53,1139
,5/26/2017 9:0:11,634
,3/12/2014 11:41:53,1423
,10/2/2014 14:36:9,2199
,2/21/2018 9:41:8,2598
,4/15/2018 10:39:26,171
,4/20/2016 11:16:47,2042
,7/24/2019 14:20:24,2966
,3/26/2017 15:28:32,1250
,9/18/2015 9:37:12,61
,11/15/2017 16:23:39,1749
,4/2/2015 12:12:33,2415
,2/19/2020 12:28:9,730
,9/10/2014 8:52:29,2596
,8/10/2016 10:21:18,1441
,2/3/2020 14:51:51,938
,7/22/2020 9:43:44,494
,7/8/2016 16:33:23,150
,4/4/2017 10:48:3,1375
,4/19/2019 15:19:16,1034
,2/12/2014 8:52:43,2207
,3/2/2017 10:23:30,1832
,5/21/2014 9:20:23,1230
,7/10/2018 10:32:38,1434
,10/10/2017 14:30:27,2143
,4/27/2015 11:29:49,980
,2/10/2014 14:18:34,173
,6/24/2015 9:37:29,598
,2/15/2019 12:0:36,895
,8/27/2017 9:9:42,410
,2/18/2020 13:23:18,471
,9/16/2017 10:34:7,2125
,8/9/2015 14:56:28,2619
,6/25/2016 11:14:55,1461
,3/12/2018 14:27:34,197
,10/6/2015 16:45:41,1140
,3/6/2015 10:43:17,2129
,3/17/2018 11:3:50,2165
,2/23/2017 12:15:54,53
,9/27/2018 12:26:37,2173
,6/12/2020 16:31:8,1404
,7/6/2015 15:21:29,1311
,8/14/2014 16:55:20,243
,8/1/2014 11:56:24,990
,9/23/2019 8:3:53,2794
,9/8/2015 14:46:15,608
,8/27/2017 10:42:33,2887
,4/16/2015 13:47:50,1581
,3/20/2019 11:32:54,172
,9/3/2014 11:19:56,2184
,2/18/2014 12:45:39,2496
,1/15/2018 11:11:42,1851
,11/12/2015 13:6:39,576
,2/22/2020 9:22:2,2364
,11/9/2017 12:44:56,19
,7/6/2016 13:40:55,2025
,9/27/2014 13:51:21,2121
,4/25/2015 14:21:47,2707
,8/15/2016 13:17:14,2774
,7/17/2015 10:24:51,1337
,11/27/2016 9:33:24,2716
,6/19/2020 14:49:50,1162
,2/4/2020 14:31:21,1790
,4/21/2019 10:31:23,558
,4/23/2020 8:26:27,2308
,10/21/2019 9:1:6,2342
,5/16/2018 11:26:38,2514
,5/17/2016 14:25:45,1986
,3/21/2015 15:36:27,2118
,6/26/2020 15:46:9,20
,8/20/2018 8:20:7,1526
,2/1/2014 11:52:26,1046
,3/8/2017 16:29:2,2815
,3/27/2017 10:34:58,1920
,6/3/2017 12:0:41,2347
,4/2/2018 14:42:46,615
,4/10/2015 15:39:43,1308
,6/16/2019 10:35:31,2958
,7/10/2018 15:41:17,1357
,10/24/2014 12:55:45,1254
,4/23/2017 14:58:48,810
,6/17/2018 13:41:16,1309
,1/27/2015 11:17:8,145
,1/8/2017 13:52:12,1429
,4/4/2015 10:34:35,632
,10/26/2014 15:24:8,1338
,7/27/2014 9:39:0,1267
,3/9/2015 8:46:0,2972
,3/12/2018 11:41:32,1161
,4/2/2014 14:58:11,890
,10/1/2020 16:6:53,1737
,8/4/2019 8:35:3,2140
,3/24/2014 10:56:9,2109
,3/1/2014 15:3:35,1433
,6/22/2015 16:5:45,2175
,8/16/2019 14:52:49,2960
,2/24/2014 13:2:40,2239
,2/16/2014 10:36:30,2402
,2/1/2020 16:42:29,1400
,7/24/2019 11:14:21,171
,1/15/2016 16:32:10,811
,11/6/2020 8:28:20,620
,9/17/2020 11:22:56,2181
,5/16/2018 8:56:18,2869
,10/5/2015 16:11:22,377
,9/13/2019 13:5:45,1168
,7/3/2020 8:53:14,1754
,5/8/2016 16:43:13,1374
,5/15/2014 9:33:53,2735
,5/2/2018 10:13:42,2122
,1/18/2020 10:12:45,436
,1/7/2014 16:28:22,1881
,5/10/2016 12:51:3,1069
,6/14/2014 13:33:2,1239
,11/17/2017 8:36:36,246
,3/6/2017 8:4:40,1125
,3/14/2016 16:44:16,736
,10/18/2015 14:49:41,80
,8/13/2017 12:8:20,2644
,3/19/2018 15:14:51,689
,1/16/2017 12:32:38,793
,10/2/2015 15:51:12,2259
,11/1/2017 15:55:46,544
,7/15/2019 14:49:49,947
,4/20/2019 12:52:48,1001
,9/12/2018 12:56:37,2104
,7/27/2019 13:7:50,1655
,8/2/2014 14:38:58,1100
,6/27/2015 15:41:46,2463
,6/9/2017 11:19:24,2105
,10/1/2015 13:52:38,1093
,11/17/2020 9:15:46,1624
,2/11/2018 15:5:34,1277
,9/8/2017 16:38:29,905
,7/4/2016 9:35:8,161
,1/13/2015 9:41:1,2908
,6/22/2017 15:30:52,1846
,5/7/2016 16:31:22,2992
,11/25/2014 10:53:23,770
,3/14/2015 9:41:22,2182
,11/19/2020 11:42:27,2302
,10/15/2017 15:8:20,2611
,7/16/2019 11:24:39,2955
,7/5/2019 13:40:22,1756
,1/6/2020 16:58:58,172
,7/17/2017 12:49:4,2574
,11/16/2015 8:55:32,789
,5/6/2019 10:35:39,588
,1/7/2016 10:38:32,906
,1/12/2016 11:12:38,768
,3/25/2015 11:20:7,1943
,1/1/2019 12:23:32,1878
,2/26/2016 10:40:42,2476
,7/4/2020 14:40:10,429
,3/4/2015 12:53:16,2096
,11/9/2020 13:51:31,1270
,9/1/2016 15:44:7,2793
,11/25/2019 9:44:40,952
,9/19/2019 9:16:3,1587
,9/16/2016 16:26:18,990
,10/9/2019 12:9:28,2230
,7/23/2018 15:27:47,372
,8/3/2020 13:14:0,1628
,7/2/2016 11:26:2,349
,3/24/2015 10:32:36,747
,10/24/2019 14:9:32,1530
,7/19/2015 14:35:20,322
,5/25/2017 9:24:7,2881
,8/6/2016 8:9:27,797
,8/27/2014 11:7:9,55
,5/7/2019 15:44:20,1997
,7/3/2020 12:25:27,462
,7/16/2020 16:7:51,2027
,3/21/2014 16:37:30,181
,11/23/2018 8:42:57,1105
,11/24/2018 10:35:51,899
,11/8/2015 16:39:5,2022
,2/18/2017 14:27:56,1506
,4/4/2018 11:3:23,494
,6/26/2020 12:15:17,1145
,6/19/2015 16:13:37,1033
,10/17/2019 16:43:43,786
,5/17/2017 8:11:0,2912
,2/11/2017 16:40:40,1413
,11/7/2014 12:11:49,2880
,7/22/2016 13:40:39,1933
,7/14/2016 11:46:36,1866
,3/3/2017 14:36:56,566
,4/27/2015 16:55:46,1527
,4/17/2015 8:55:10,1609
,11/7/2018 16:9:26,2833
,3/19/2017 9:57:45,613
,4/11/2016 11:27:51,1124
,10/4/2017 15:40:37,2497
,2/1/2015 9:44:26,2670
,2/18/2014 8:27:12,1648
,10/7/2016 14:6:52,702
,9/10/2015 13:9:10,2325
,1/3/2016 16:20:19,728
,10/4/2019 15:2:0,1360
,8/21/2014 11:25:16,1970
,4/13/2017 12:42:58,626
,6/22/2014 14:38:45,2509
,1/3/2014 11:43:56,570
,4/1/2016 9:39:50,1489
,5/17/2014 11:6:13,1200
,3/8/2017 9:28:14,2569
,8/27/2014 16:14:44,2013
,5/3/2015 9:9:45,2042
,11/2/2015 15:30:56,915
,8/24/2017 10:24:58,1966
,5/5/2017 14:29:42,1006
,4/17/2020 11:52:49,177
,1/15/2017 9:13:19,160
,11/20/2020 12:24:13,2675
,9/15/2019 8:37:18,1163
,11/2/2020 10:27:21,178
,4/15/2015 9:45:52,2932
,4/17/2014 12:26:44,186
,5/25/2018 9:3:30,1532
,1/6/2016 15:33:28,2382
,2/12/2017 12:11:55,2474
,9/21/2014 14:40:53,1073
,1/11/2020 12:25:49,1905
,5/15/2014 8:9:15,2939
,11/10/2014 9:58:7,1102
,11/15/2015 14:10:9,2055
,5/7/2015 13:38:46,2247
,9/16/2017 10:5:37,229
,6/1/2016 12:27:18,2175
,9/13/2014 8:41:32,2915
,11/20/2019 16:41:28,2414
,9/11/2020 10:19:11,497
,2/23/2018 9:13:56,1851
,6/27/2018 14:1:33,1893
,11/1/2017 8:42:12,126
,2/17/2017 14:17:30,995
,1/9/2015 10:39:36,2061
,6/6/2020 11:13:22,2642
,4/13/2019 13:16:10,1399
,2/9/2017 8:25:57,2082
,7/9/2020 8:44:25,2570
,6/22/2014 8:38:44,1242
,1/20/2018 14:37:22,331
,5/16/2017 10:43:43,2361
,4/25/2020 14:50:17,1545
,7/25/2016 11:16:29,155
,1/18/2018 14:25:5,683
,7/7/2015 16:27:57,2540
,1/9/2015 14:18:41,1226
,10/12/2020 11:12:24,1189
,4/15/2020 8:31:33,487
,2/16/2020 14:54:57,1858
,4/27/2017 10:29:21,1913
,7/20/2016 12:39:5,1696
,4/5/2016 11:26:52,2214
,3/15/2014 11:14:38,2271
,2/7/2020 15:24:28,322
,5/11/2019 15:45:14,348
,2/13/2014 12:51:17,106
,3/24/2017 10:8:37,1862
,6/24/2014 8:1:1,40
,7/7/2016 9:20:40,1503
,7/24/2018 10:53:0,2585
,11/12/2020 10:0:57,718
,6/26/2017 16:53:4,2270
,4/16/2016 16:22:5,228
,11/16/2014 15:51:26,1044
,4/11/2018 16:23:18,985
,9/15/2015 8:53:34,2267
,5/21/2014 16:32:20,2885
,7/15/2017 13:58:18,835
,6/5/2014 11:44:3,9
,9/27/2014 11:22:8,1505
,1/12/2019 14:49:5,2168
,2/20/2015 10:0:36,2529
,4/12/2015 8:43:44,950
,6/23/2015 12:14:4,461
,5/17/2014 14:53:38,2262
,10/12/2020 16:30:31,1113
,1/8/2017 11:54:11,666
,8/20/2016 12:55:36,1091
,6/23/2019 10:23:22,2425
,6/2/2014 9:58:28,1721
,4/12/2015 14:27:27,704
,3/21/2020 12:22:32,2147
,6/27/2018 15:58:3,275
,2/7/2015 13:2:22,1301
,4/25/2014 9:45:25,2873
,10/18/2020 15:46:13,2396
,6/8/2014 9:40:6,573
,8/5/2015 12:4:35,392
,4/20/2015 16:6:54,1431
,2/15/2018 11:32:38,2255
,10/11/2020 16:20:6,2255
,4/7/2015 12:36:30,1761
,9/24/2016 11:36:17,785
,8/20/2015 11:56:18,1374
,10/3/2018 16:49:57,2330
,8/13/2019 16:1:13,2809
,8/5/2016 11:40:44,1035
,5/4/2014 8:36:36,1829
,5/3/2019 11:14:19,2416
,7/14/2019 11:44:55,2990
,5/11/2014 11:56:53,1058
,1/19/2015 10:24:39,73
,6/6/2018 10:58:3,196
,2/12/2017 15:44:23,71
,1/11/2016 8:50:48,2463
,2/23/2020 15:51:2,1884
,8/15/2020 16:54:41,983
,5/14/2018 12:11:7,1529
,5/13/2018 13:41:22,778
,4/22/2017 12:27:16,1953
,10/1/2016 14:9:38,2157
,3/27/2020 10:24:33,489
,9/24/2014 11:48:12,333
,9/1/2014 13:33:44,2500
,11/8/2015 8:38:5,1599
,5/14/2018 10:49:58,1289
,8/22/2018 14:6:33,1713
,10/5/2020 16:32:15,1645
,5/14/2019 10:18:34,889
,2/15/2017 13:48:37,1306
,11/2/2020 12:25:1,1413
,5/11/2017 16:40:18,2212
,1/17/2014 9:5:55,2122
,1/12/2015 13:23:57,472
,8/11/2020 16:13:34,1968
,5/27/2016 15:25:8,125
,1/19/2018 11:35:51,1463
,5/14/2018 9:58:0,2293
,5/15/2016 9:35:39,848
,6/27/2015 11:5:57,2171
,10/3/2016 8:1:19,2795
,4/26/2015 16:29:8,1556
,11/13/2017 14:53:49,1393
,7/4/2019 11:50:58,2152
,10/14/2019 11:13:7,381
,1/16/2018 16:14:21,351
,5/11/2015 15:35:2,1669
,2/11/2020 12:26:13,2921
,10/18/2018 8:22:6,1555
,10/25/2020 16:5:55,707
,11/25/2019 12:3:5,1132
,9/17/2015 10:40:31,1762
,1/15/2017 11:34:45,2332
,9/21/2017 8:49:12,2196
,1/10/2014 10:35:32,2815
,4/7/2019 10:8:5,1484
,4/6/2020 14:58:51,1147
,9/19/2014 11:15:5,1003
,5/8/2019 15:30:45,2493
,2/12/2018 9:12:31,760
,8/14/2019 15:6:13,814
,6/22/2015 8:19:3,2108
,9/13/2014 11:30:35,659
,1/10/2014 10:36:14,828
,4/7/2017 12:31:27,1296
,9/22/2015 16:28:9,1563
,9/24/2020 14:31:16,669
,2/16/2014 10:46:38,2442
,3/23/2016 12:42:21,821
,4/7/2019 15:37:13,2057
,10/27/2014 16:27:42,140
,1/24/2014 10:8:14,1407
,8/22/2014 16:47:1,399
,8/9/2015 15:48:56,1325
,2/15/2019 16:38:30,1876
,3/24/2019 10:50:3,320
,11/9/2015 9:41:16,1814
,10/15/2014 12:10:45,898
,8/9/2014 14:31:11,1838
,7/15/2015 13:36:17,967
,8/26/2015 8:26:29,2338
,4/7/2017 15:51:53,1510
,9/9/2014 11:22:41,2808
,3/12/2017 16:24:11,2899
,11/13/2017 14:57:6,2892
,10/8/2017 15:56:2,2369
,2/19/2020 8:18:6,2598
,11/19/2016 13:26:17,2644
,9/24/2020 15:0:57,375
,1/27/2019 10:17:2,203
,10/16/2015 13:37:49,1696
,1/22/2016 13:32:19,179
,8/2/2018 15:40:47,2518
,11/26/2017 12:35:40,2806
,6/8/2014 9:10:18,1075
,2/4/2020 13:52:48,406
,4/9/2020 8:11:6,616
,8/26/2015 16:29:8,284
,11/19/2014 12:31:4,575
,9/15/2016 8:56:31,1536
,1/14/2017 15:53:37,2400
,11/17/2020 9:0:56,1945
,7/10/2015 12:55:24,1819
,3/7/2018 14:55:25,2216
,9/21/2018 13:49:46,286
,7/24/2016 14:7:23,2443
,10/18/2020 16:5:4,1081
,1/2/2020 8:56:21,725
,4/2/2016 13:23:15,38
,6/8/2014 12:55:2,2214
,1/20/2016 13:37:22,2388
,3/13/2018 14:1:38,2966
,9/6/2018 9:55:27,1883
,7/15/2016 15:5:1,1244
,3/8/2015 14:57:35,1139
,2/3/2014 12:26:52,2022
,5/8/2020 9:9:54,2018
,3/24/2016 8:18:56,477
,9/19/2016 8:50:41,653
,3/22/2020 10:45:58,1645
,4/26/2014 11:23:36,1683
,6/1/2017 13:17:32,743
,2/15/2020 16:58:13,1786
,10/19/2016 15:36:51,337
,3/13/2016 14:11:56,79
,6/27/2017 15:7:56,2679
,1/17/2015 8:39:0,1606
,5/18/2016 16:23:53,310
,11/23/2020 10:50:12,2968
,8/7/2018 16:56:14,1189
,8/11/2018 15:51:30,2422
,1/6/2019 14:24:40,1248
,7/18/2019 12:49:14,42
,7/17/2017 10:46:12,20
,3/24/2017 10:54:12,1285
,5/5/2014 11:37:6,112
,5/19/2014 15:8:2,2409
,3/25/2014 10:37:48,311
,3/13/2019 15:46:56,2332
,1/12/2019 13:2:15,168
,9/13/2016 12:3:31,1006
,9/13/2018 12:32:18,1592
,4/13/2018 13:15:35,2324
,1/12/2018 16:15:28,878
,8/3/2015 9:51:13,532
,5/26/2016 12:48:44,1448
,11/12/2016 16:47:24,1013
,10/9/2014 13:46:19,993
,6/13/2020 10:48:38,1386
,2/1/2019 9:55:58,1770
,5/18/2018 16:55:27,1106
,9/8/2016 13:5:41,2856
,8/2/2018 12:49:0,2348
,6/20/2020 15:56:38,1648
,3/12/2020 9:45:28,2571
,4/9/2019 15:48:38,1376
,7/25/2019 15:13:16,2877
,6/14/2019 10:30:5,1201
,9/17/2014 12:56:2,1855
,11/17/2019 10:53:22,324
,3/3/2020 10:39:55,555
,2/22/2015 12:52:42,490
,10/1/2020 11:18:41,475
,5/18/2017 10:38:33,1567
,6/19/2015 10:16:5,2509
,9/9/2016 12:25:14,858
,4/18/2018 14:23:56,2642
,11/12/2020 11:21:48,1581
,1/14/2018 8:22:22,2676
,6/26/2020 16:31:2,746
,5/6/2019 10:30:23,2331
,10/6/2018 12:42:38,1425
,9/6/2016 14:42:33,863
,5/3/2016 8:0:58,204
,2/4/2016 11:54:0,357
,4/8/2015 11:2:51,2809
,10/11/2017 13:14:30,1136
,9/26/2014 13:55:18,626
,10/12/2020 9:56:12,2522
,7/10/2019 15:34:45,1349
,4/10/2020 12:31:5,1384
,11/3/2014 16:4:14,332
,8/27/2015 10:46:48,1643
,6/17/2019 14:7:46,916
,11/11/2019 12:12:20,2800
,8/26/2020 14:58:22,2284
,2/27/2020 15:46:14,1618
,9/21/2018 10:5:9,1112
,2/27/2015 14:13:17,167
,8/10/2017 8:17:7,2628
,6/3/2015 8:36:22,2952
,8/1/2014 8:48:30,926
,3/3/2019 10:52:19,1173
,11/19/2018 9:4:8,1727
,6/5/2018 16:34:51,2331
,5/13/2019 12:22:21,235
,8/7/2017 14:25:9,835
,8/17/2020 15:47:34,476
,4/15/2015 9:11:55,1087
,8/16/2018 10:38:32,2392
,9/3/2016 10:37:20,1523
,9/23/2015 8:38:9,2150
,7/18/2015 9:36:29,1034
,9/10/2020 16:29:9,358
,5/18/2019 11:36:8,2157
,3/8/2019 8:24:21,2398
,8/24/2020 12:33:41,1712
,11/22/2014 16:2:33,1863
,2/11/2016 16:14:11,1010
,7/26/2017 10:54:9,2480
,2/21/2014 15:46:40,2957
,7/22/2017 15:29:30,1969
,4/24/2018 14:45:26,1397
,10/3/2015 9:33:49,225
,5/2/2019 10:34:49,1657
,1/22/2018 15:46:15,2941
,3/18/2020 15:18:27,1565
,1/7/2019 10:23:28,2277
,2/2/2017 10:37:46,1484
,7/16/2014 9:29:16,2943
,5/5/2015 9:49:32,1959
,3/20/2020 8:30:21,1249
,6/7/2017 10:20:4,1133
,1/26/2020 13:16:48,2766
,8/19/2017 12:7:13,511
,6/1/2017 14:53:25,1123
,5/25/2018 14:2:52,2970
,7/10/2017 8:50:57,1854
,8/21/2017 14:37:39,591
,5/14/2015 11:44:12,2839
,5/23/2017 10:48:15,1692
,10/16/2016 10:37:28,379
,3/6/2017 8:55:54,2257
,11/19/2014 11:30:12,2848
,6/2/2014 9:9:57,2543
,3/9/2017 16:4:29,1952
,2/8/2018 11:39:17,2015
,7/12/2014 16:29:13,1003
,10/22/2019 15:41:11,1477
,5/26/2018 8:0:31,121
,8/25/2020 15:37:13,291
,10/1/2018 11:56:13,2472
,5/5/2020 15:2:30,2820
,3/24/2017 16:29:40,405
,3/12/2015 15:42:58,2388
,8/4/2017 15:19:25,702
,1/26/2015 16:15:37,2248
,1/23/2016 13:30:3,666
,3/12/2018 12:41:50,2787
,3/5/2019 13:0:10,2108
,11/18/2019 10:15:27,1388
,4/23/2017 8:14:13,1275
,4/10/2015 8:21:21,1709
,6/22/2020 13:53:13,861
,11/6/2014 14:0:32,152
,3/7/2016 15:18:31,2992
,1/12/2017 11:30:37,736
,3/14/2014 9:31:14,986
,10/14/2015 8:33:28,2564
,7/12/2015 9:54:15,752
,7/5/2014 15:34:2,2146
,10/9/2015 16:54:16,2576
,1/23/2016 15:36:27,991
,5/20/2020 9:41:32,888
,11/25/2019 13:18:27,506
,1/1/2016 8:20:45,2296
,2/11/2019 11:44:8,2430
,1/1/2016 16:26:46,1266
,1/24/2019 13:36:24,400
,11/15/2014 16:42:53,2423
,8/10/2019 16:19:30,644
,4/1/2017 12:1:47,280
,11/7/2019 16:53:50,519
,5/26/2018 15:49:47,1082
,7/13/2020 15:4:35,2371
,3/27/2016 10:5:52,2204
,6/10/2018 14:39:23,1146
,11/5/2018 15:2:55,447
,6/10/2016 11:45:22,97
,8/10/2019 9:58:21,2527
,2/24/2020 11:50:21,1593
,1/25/2020 14:42:23,2023
,1/20/2017 9:20:40,1785
,3/12/2017 13:48:3,1201
,3/18/2015 14:41:17,1170
,9/23/2018 14:46:34,136
,4/1/2014 14:28:40,1388
,5/7/2016 16:14:15,1115
,8/8/2018 9:42:13,2415
,11/18/2017 16:3:58,2269
,11/20/2019 9:44:24,935
,7/16/2015 15:20:36,748
,6/21/2018 11:7:17,1156
,11/5/2016 10:58:28,443
,7/17/2016 14:36:3,693
,7/11/2017 11:53:30,433
,7/27/2014 9:32:19,1200
,9/7/2019 10:32:31,1651
,1/21/2017 15:23:46,2616
,11/7/2017 10:34:46,2809
,4/16/2017 8:46:49,990
,8/21/2018 12:0:23,700
,8/21/2016 13:7:11,2984
,1/20/2016 9:11:29,83
,3/18/2018 10:52:13,1183
,4/13/2020 11:26:13,826
,2/11/2017 14:32:55,475
,8/7/2015 14:43:6,345
,7/4/2019 10:2:11,1207
,5/1/2017 16:7:12,666
,6/19/2016 14:50:41,1564
,9/2/2017 8:39:15,7
,5/27/2017 10:57:24,608
,10/27/2015 11:46:40,2755
,2/11/2020 10:16:27,1876
,3/2/2019 14:3:12,2841
,6/12/2017 11:45:8,510
,6/7/2018 14:58:57,2508
,10/24/2016 8:12:48,2436
,10/25/2020 12:43:25,89
,5/22/2015 16:4:37,627
,5/26/2015 16:42:26,1034
,2/15/2016 10:55:6,1569
,9/2/2014 9:45:57,848
,8/18/2014 10:9:2,1206
,10/16/2016 13:11:26,2613
,7/3/2018 13:5:3,1842
,8/25/2015 10:6:55,2794
,7/5/2014 14:24:18,108
,9/25/2015 8:21:37,1657
,4/22/2014 13:44:7,722
,6/26/2018 16:19:25,2213
,7/7/2014 12:50:42,549
,4/25/2018 14:23:9,5
,2/17/2014 13:24:4,1257
,2/25/2014 12:2:30,612
,2/26/2016 13:47:44,1756
,9/23/2020 13:21:43,1421
,8/16/2017 16:8:22,2736
,7/1/2014 15:27:37,62
,5/7/2020 13:26:12,2378
,5/16/2017 12:56:8,761
,7/26/2015 9:24:36,2625
,11/2/2020 15:47:33,1468
,3/22/2020 15:24:50,423
,10/13/2020 14:17:42,647
,10/12/2017 8:34:44,2859
,5/17/2015 13:32:9,1119
,6/17/2015 12:54:33,1284
,1/10/2016 12:45:24,570
,9/22/2019 13:20:54,2641
,9/16/2014 16:45:53,1410
,7/5/2015 15:32:16,1933
,11/19/2016 16:50:54,2245
,3/7/2015 15:42:41,1901
,7/12/2014 14:15:55,2674
,4/1/2020 15:16:50,1849
,7/15/2014 16:33:45,1855
,1/24/2014 11:13:0,1595
,2/24/2015 9:53:19,1287
,6/5/2014 11:32:42,1702
,2/9/2015 16:37:33,399
,9/25/2020 13:30:20,2955
,7/2/2016 15:51:6,2268
,9/2/2015 15:33:38,2661
,9/16/2018 10:42:48,2069
,10/18/2016 8:1:5,2176
,10/24/2018 9:46:48,321
,5/5/2019 10:33:10,1217
,8/8/2018 11:25:29,983
,10/25/2015 13:27:0,803
,6/12/2016 10:35:57,1807
,7/13/2020 11:3:8,2490
,1/19/2014 14:56:43,2092
,2/13/2019 11:29:45,429
,9/2/2017 16:19:3,2583
,7/23/2018 10:30:22,1126
,10/8/2015 8:20:5,2818
,4/3/2020 16:33:40,144
,7/1/2020 9:4:52,278
,8/27/2017 9:48:15,2472
,10/9/2015 13:44:27,441
,10/3/2019 11:23:54,1228
,3/17/2016 14:50:27,2256
,8/25/2015 16:13:16,1734
,4/2/2019 9:11:45,2030
,7/16/2015 14:57:42,2998
,5/11/2017 9:12:21,1021
,9/14/2015 11:52:0,822
,3/1/2019 12:21:41,1300
,7/20/2020 9:57:13,1481
,3/6/2014 9:26:32,2619
,5/21/2017 14:20:16,2544
,4/15/2014 10:26:36,1167
,9/19/2019 8:7:27,1078
,1/21/2017 9:0:12,1698
,4/14/2016 12:37:20,524
,8/19/2018 16:43:4,76
,10/23/2017 12:25:28,1525
,3/1/2014 8:52:34,1072
,8/17/2016 9:27:10,1188
,8/11/2018 12:58:28,2256
,8/7/2015 15:11:32,2620
,6/4/2016 13:40:37,20
,11/7/2020 11:30:57,2484
,11/6/2015 15:55:30,553
,11/25/2020 9:53:19,1638
,4/9/2019 13:47:5,2558
,6/1/2016 9:32:41,1535
,2/1/2017 11:34:12,2036
,9/12/2014 16:56:6,1266
,3/16/2017 11:8:18,1748
,1/8/2020 13:12:37,1429
,3/19/2020 15:21:40,1035
,2/20/2016 13:17:36,1533
,4/19/2018 11:0:48,979
,1/1/2015 9:26:11,1889
,4/4/2016 11:51:26,418
,7/26/2020 11:50:23,252
,3/22/2015 10:34:25,350
,10/22/2015 9:55:39,1789
,3/3/2018 12:1:17,874
,10/6/2015 11:6:21,2217
,11/27/2019 11:23:2,2634
,10/11/2017 15:39:48,2220
,5/15/2019 16:12:0,902
,10/13/2017 9:27:14,1981
,11/21/2018 13:48:4,1042
,11/23/2014 10:2:49,733
,10/15/2020 15:41:7,1448
,3/10/2020 8:53:15,1778
,7/26/2019 16:58:51,768
,8/7/2017 9:6:10,1012
,9/24/2017 11:51:38,1790
,7/6/2016 12:47:16,1808
,9/12/2018 10:1:19,2934
,11/24/2019 10:44:28,539
,1/22/2014 10:54:49,927
,1/5/2015 15:32:3,2489
,6/15/2020 14:29:18,900
,1/27/2018 13:28:0,110
,11/2/2014 13:22:11,158
,7/6/2020 12:50:12,2204
,4/8/2017 12:29:20,1504
,3/11/2017 9:36:8,2752
,2/26/2015 11:2:27,2450
,10/21/2019 9:26:28,909
,11/25/2016 12:11:9,1227
,11/17/2017 10:21:32,2352
,3/22/2014 9:18:12,2816
,8/15/2014 12:45:33,2527
,8/5/2018 13:57:26,2824
,9/16/2017 8:5:13,2542
,4/24/2014 15:3:35,894
,2/2/2018 12:8:28,2001
,3/10/2017 10:39:25,33
,7/27/2016 13:5:39,2757
,5/3/2015 8:58:4,2704
,5/15/2018 11:12:21,517
,3/15/2020 8:29:30,1301
,10/15/2016 10:39:49,1290
,9/26/2014 8:17:47,315
,2/9/2018 16:57:47,1544
,5/8/2015 16:3:7,2804
,8/14/2016 16:52:30,2976
,10/8/2014 13:10:47,216
,3/4/2019 15:13:41,455
,11/7/2015 14:31:32,2357
,4/8/2016 15:44:56,1945
,1/4/2017 16:27:50,1316
,1/18/2018 13:26:53,159
,8/2/2019 12:43:54,680
,11/21/2020 9:30:56,647
,10/6/2019 10:32:37,2069
,11/18/2016 9:18:58,2957
,7/16/2019 9:45:2,1349
,4/19/2017 12:21:38,1388
,3/20/2016 11:48:34,432
,6/11/2014 15:58:26,2600
,6/7/2014 16:49:54,2488
,3/17/2019 11:56:5,2711
,8/10/2020 9:28:37,472
,8/27/2019 15:39:4,1407
,5/24/2019 13:54:11,635
,10/23/2018 15:8:6,1639
,3/1/2020 8:7:21,1672
,7/6/2014 11:5:11,944
,1/6/2015 15:15:7,2836
,5/18/2018 12:54:43,2506
,2/18/2017 14:21:24,1494
,10/7/2014 9:8:12,2895
,3/16/2016 15:57:56,553
,5/2/2015 12:53:1,128
,6/12/2014 11:15:5,907
,4/23/2016 8:2:2,2328
,1/23/2015 8:23:44,2513
,7/16/2015 10:35:55,1333
,11/20/2017 9:58:37,2117
,5/17/2020 9:47:23,1246
,1/26/2015 8:38:52,2254
,8/18/2014 9:0:19,1714
,8/9/2016 16:7:28,1269
,4/12/2019 9:38:44,1999
,7/8/2019 16:5:15,754
,10/26/2014 9:4:51,2376
,8/8/2014 13:14:12,1565
,6/7/2017 8:39:3,1896
,7/5/2017 10:44:9,192
,2/2/2016 9:56:10,654
,3/9/2018 15:34:0,371
,8/14/2019 11:29:20,1362
,2/2/2019 14:28:38,2043
,8/14/2020 15:12:10,2821
,8/4/2016 16:34:0,747
,9/21/2020 9:43:58,1308
,10/1/2015 13:23:44,536
,9/22/2014 15:49:16,1626
,5/8/2018 15:15:10,627
,3/7/2016 13:7:34,884
,2/9/2014 11:57:41,1022
,1/25/2019 14:16:9,1990
,10/21/2016 12:10:8,336
,4/12/2016 15:48:22,2569
,10/13/2018 13:35:6,170
,11/20/2015 10:31:11,1139
,6/24/2014 11:40:29,2323
,1/22/2016 13:2:26,271
,3/5/2018 10:27:25,2458
,3/6/2015 15:42:8,2458
,8/17/2020 13:7:46,163
,9/22/2016 11:22:38,2734
,1/22/2019 15:33:33,1989
,6/26/2015 15:13:43,1904
,2/8/2018 10:31:7,64
,7/12/2019 11:2:9,492
,4/3/2015 16:2:9,1161
,1/20/2020 13:2:25,1191
,10/14/2019 11:46:21,371
,4/20/2016 8:2:51,977
,10/10/2015 14:6:27,2791
,6/17/2015 12:39:51,2494
,8/24/2016 14:32:35,471
,8/26/2018 10:30:29,1901
,11/5/2018 9:32:16,1854
,3/27/2017 16:3:36,2849
,6/27/2014 16:51:6,570
,4/25/2015 13:57:20,450
,6/21/2018 8:31:34,2099
,6/13/2020 15:42:38,2317
,2/17/2020 16:49:50,1511
,11/24/2014 15:44:1,606
,10/3/2017 8:32:18,424
,6/9/2020 8:4:36,952
,1/4/2018 10:2:14,2941
,9/24/2015 16:34:16,2981
,6/20/2018 10:2:43,1097
,2/19/2019 14:30:39,1418
,2/22/2020 8:15:12,1548
,5/11/2016 10:45:37,2333
,1/24/2019 10:35:55,2770
,5/9/2017 13:24:18,1013
,11/24/2018 11:24:11,2156
,1/21/2014 8:14:33,451
,3/7/2015 8:2:55,210
,3/9/2014 8:24:53,355
,4/15/2019 8:7:19,2091
,4/26/2016 12:27:28,2858
,4/1/2014 9:51:36,2476
,9/14/2016 9:43:24,2973
,3/14/2017 14:53:23,2865
,7/3/2020 13:33:51,2063
,8/3/2020 16:15:28,973
,9/11/2020 10:24:50,2368
,1/20/2019 12:13:39,811
,4/15/2018 12:30:23,1246
,1/23/2015 13:54:7,1238
,10/17/2017 15:50:11,1153
,1/3/2017 9:27:38,433
,5/9/2020 10:43:2,39
,2/15/2020 16:51:37,288
,11/22/2018 10:53:41,1592
,3/24/2017 8:41:24,890
,5/14/2017 8:55:19,2859
,10/12/2014 11:4:50,666
,5/16/2018 11:33:19,2275
,7/14/2018 16:1:53,2028
,3/8/2018 10:41:29,756
,2/18/2016 8:23:2,1680
,1/7/2015 15:9:23,2800
,9/14/2020 13:12:57,2113
,11/7/2015 15:43:2,2460
,7/21/2019 8:57:46,2361
,2/26/2015 14:13:17,756
,1/18/2016 10:37:29,924
,3/24/2018 14:52:41,1497
,3/15/2015 14:27:14,57
,5/25/2020 9:30:34,2737
,3/15/2014 14:40:6,1410
,6/18/2016 14:20:55,1218
,7/8/2017 11:8:49,477
,10/24/2018 16:36:11,430
,9/19/2020 8:17:17,692
,5/2/2014 11:58:43,1844
,1/22/2014 13:1:48,2170
,4/10/2018 16:28:31,2166
,1/16/2019 12:41:6,2351
,10/15/2015 10:19:1,774
,2/12/2019 9:2:30,2859
,6/12/2018 11:43:24,1413
,6/23/2019 16:50:42,1462
,4/26/2020 8:22:6,2661
,9/12/2014 8:15:34,703
,6/9/2019 11:42:43,1228
,1/18/2015 16:5:32,1763
,9/25/2020 13:53:46,897
,10/7/2019 8:53:27,2841
,4/5/2020 16:40:24,2014
,11/5/2019 9:21:16,2503
,6/13/2016 10:39:10,653
,4/17/2015 13:34:33,1044
,9/2/2020 11:37:23,1054
,10/4/2018 8:16:58,896
,11/17/2018 15:53:45,2394
,9/23/2015 9:43:0,578
,11/3/2015 12:21:53,123
,8/5/2020 9:46:38,2419
,4/27/2017 14:14:43,2934
,6/15/2016 12:58:53,1163
,7/18/2014 10:32:30,2032
,9/22/2015 10:14:42,908
,5/21/2020 16:36:6,1218
,5/24/2014 13:22:37,2461
,4/7/2020 8:18:16,1933
,7/23/2015 11:47:44,2280
,11/14/2014 12:27:58,2576
,11/26/2018 15:48:56,620
,7/17/2015 9:54:14,1764
,2/15/2015 16:7:4,408
,3/25/2015 8:47:51,1217
,2/23/2017 12:4:45,2642
,6/22/2014 10:53:25,973
,10/19/2018 14:51:32,615
,5/1/2017 9:51:11,2984
,4/7/2014 12:30:14,1056
,2/10/2019 9:1:24,2170
,10/17/2020 10:40:1,1476
,10/8/2019 9:27:35,852
,9/3/2020 11:19:17,1711
,1/16/2015 10:56:16,2745
,1/13/2018 9:11:47,1373
,8/5/2014 11:58:22,760
,2/16/2020 13:21:51,2952
,6/24/2017 16:12:29,475
,10/24/2019 13:57:54,2892
,6/1/2015 13:41:0,2140
,9/15/2018 12:32:45,2252
,7/25/2020 14:35:4,1016
,4/2/2018 15:26:16,985
,9/15/2019 13:50:27,1765
,4/27/2017 11:52:26,2464
,5/11/2015 10:38:54,2134
,1/23/2018 10:32:39,2329
,4/16/2017 12:41:32,546
,5/12/2015 14:40:15,224
,10/24/2018 12:26:10,2961
,8/24/2018 16:12:2,2918
,2/27/2020 13:8:51,1489
,7/8/2016 12:6:31,1666
,9/26/2019 16:49:7,1905
,7/22/2014 10:17:22,2995
,1/13/2016 11:11:45,796
,11/13/2017 12:45:52,1325
,5/3/2016 13:44:56,1004
,1/13/2018 11:47:57,729
,6/18/2020 16:52:40,2788
,8/5/2014 10:57:24,158
,2/25/2014 11:36:21,629
,4/5/2016 15:36:5,1056
,5/8/2015 13:54:8,1126
,10/8/2014 15:52:26,1365
,7/20/2020 12:31:35,1287
,3/20/2016 16:7:0,942
,2/21/2020 15:14:11,1135
,3/1/2015 14:32:15,377
,10/13/2019 12:27:52,2866
,11/1/2019 16:26:46,984
,8/23/2016 9:22:41,1704
,3/6/2020 16:32:53,1758
,9/18/2018 10:18:18,2857
,11/22/2015 13:7:46,43
,2/23/2016 13:25:26,2321
,11/11/2016 16:39:30,498
,1/23/2015 16:27:9,1360
,7/20/2017 10:7:57,1471
,5/7/2015 14:36:23,226
,2/21/2015 12:32:19,1362
,3/26/2019 14:21:32,2787
,8/11/2020 8:22:29,2479
,3/5/2015 12:15:36,813
,2/9/2020 14:1:55,1969
,6/12/2019 10:44:42,2705
,11/22/2016 9:32:37,1903
,9/26/2019 16:41:43,2523
,2/17/2020 13:51:26,2468
,9/22/2014 10:12:35,296
,6/15/2016 12:25:3,2152
,5/8/2016 12:48:27,1667
,2/7/2018 9:36:5,2464
,1/2/2018 10:16:47,2822
,6/19/2020 16:55:9,1701
,4/12/2016 13:7:56,1341
,11/15/2016 12:11:32,2677
,8/16/2014 15:43:41,2577
,8/2/2017 10:10:34,119
,6/3/2016 12:32:24,897
,11/14/2018 16:43:28,911
,8/25/2017 8:31:1,913
,9/11/2014 10:21:49,2886
,4/22/2015 15:24:54,76
,7/19/2017 9:11:55,1696
,9/24/2020 10:1:53,933
,7/17/2019 9:46:30,2448
,7/13/2016 15:1:46,1527
,7/27/2016 16:53:52,1581
,2/21/2017 9:3:29,392
,9/24/2019 8:42:47,17
,7/13/2014 8:29:17,2683
,7/6/2018 16:49:32,2251
,5/1/2015 9:23:7,222
,2/19/2017 8:32:53,1144
,3/2/2014 8:48:24,89
,2/10/2019 16:25:25,868
,10/23/2019 15:32:1,2961
,11/22/2014 11:6:45,1874
,1/19/2014 9:20:17,1378
,4/20/2016 15:11:31,2101
,3/16/2015 12:37:49,1136
,8/26/2018 14:34:17,1384
,3/1/2020 16:32:13,2799
,1/21/2015 12:14:23,432
,3/15/2015 16:50:52,2034
,3/12/2017 13:57:9,1958
,10/27/2020 9:28:39,1654
,11/21/2017 16:33:41,875
,4/5/2018 13:12:23,1419
,10/4/2019 14:26:27,2362
,1/17/2014 14:8:22,638
,2/16/2017 9:29:7,960
,10/12/2019 10:46:7,293
,2/16/2016 11:4:28,2033
,3/19/2017 16:13:50,168
,3/11/2017 8:12:15,2618
,2/11/2017 15:10:7,2122
,4/9/2017 16:16:14,1834
,2/7/2019 16:11:35,755
,7/18/2019 13:9:44,2974
,2/5/2018 16:43:23,95
,10/22/2015 12:58:24,661
,9/19/2016 16:0:30,1795
,9/21/2014 15:40:20,2996
,7/24/2014 16:7:19,2187
,7/25/2017 8:11:27,2134
,6/1/2015 12:24:30,1961
,8/5/2020 15:54:26,1396
,1/13/2018 12:19:18,1330
,10/25/2015 9:53:5,192
,10/15/2016 9:49:4,2434
,6/16/2019 16:49:28,421
,4/6/2015 14:2:50,1459
,11/6/2019 9:33:26,1513
,6/20/2014 16:18:12,2492
,8/22/2018 15:9:17,2246
,3/5/2020 16:1:10,2805
,11/24/2019 15:22:5,2362
,1/26/2014 15:32:35,2380
,3/8/2015 10:15:17,1693
,6/13/2017 12:30:24,513
,4/14/2018 11:38:37,370
,1/18/2017 16:53:2,2880
,1/13/2017 8:48:34,748
,5/3/2017 16:46:57,2096
,2/20/2016 12:12:42,1442
,5/17/2018 9:15:57,1677
,11/7/2018 11:30:12,906
,7/23/2019 13:31:36,695
,8/14/2016 13:47:41,189
,9/21/2014 14:27:51,1464
,3/10/2014 12:28:19,846
,6/11/2015 16:6:43,837
,2/24/2014 9:22:5,1121
,11/11/2016 11:38:40,1724
,1/17/2019 13:49:57,194
,8/2/2015 11:45:19,2307
,3/3/2019 14:3:25,2520
,3/19/2019 9:19:37,962
,5/13/2017 11:51:57,2618
,6/6/2014 13:44:12,2714
,11/17/2019 16:45:46,2975
,7/4/2018 16:25:56,2263
,3/2/2014 16:30:51,946
,8/11/2014 9:47:55,2645
,4/23/2014 10:30:26,2935
,6/6/2014 16:39:49,2218
,8/2/2019 14:24:14,1497
,5/18/2014 16:57:48,2258
,4/20/2018 13:16:7,640
,8/1/2016 13:23:38,2531
,10/9/2017 12:0:34,2478
,11/5/2014 14:54:12,2172
,8/21/2015 10:8:50,1780
,10/27/2020 13:50:53,2180
,6/13/2020 9:17:18,2443
,7/26/2018 9:17:54,499
,5/2/2017 12:22:28,766
,1/14/2015 11:6:55,618
,2/27/2017 16:7:9,464
,10/4/2017 12:8:3,175
,4/16/2016 13:6:51,774
,9/4/2014 14:35:22,420
,2/22/2014 12:42:9,860
,9/27/2020 8:37:46,1445
,4/1/2014 9:33:17,1307
,8/1/2016 12:55:18,2302
,10/5/2020 9:50:19,56
,9/17/2015 11:7:18,2507
,2/26/2014 16:40:46,2017
,8/15/2015 8:34:30,2657
,9/25/2020 14:9:17,3
,6/1/2018 9:15:1,1118
,5/9/2016 16:52:10,2479
,6/25/2020 9:42:38,1696
,3/19/2017 9:56:10,256
,5/6/2019 16:24:14,825
,6/11/2014 13:35:43,1652
,1/24/2015 11:13:12,820
,10/2/2015 9:28:4,1879
,5/10/2014 8:43:25,1941
,6/10/2019 8:3:17,2898
,3/12/2016 8:44:55,1366
,1/26/2020 13:27:3,2772
,9/8/2019 12:36:35,376
,8/7/2016 14:39:49,1704
,1/27/2019 11:45:40,1392
,7/12/2018 10:10:25,1775
,1/19/2020 8:43:43,1659
,2/20/2016 15:33:54,1999
,3/13/2020 8:44:36,2413
,11/23/2016 11:34:24,1260
,11/12/2015 15:9:3,1621
,9/15/2014 15:23:1,217
,3/5/2019 12:55:28,2162
,10/12/2016 12:50:52,1659
,11/8/2017 15:21:56,2273
,3/4/2016 8:54:20,1122
,2/25/2020 11:4:38,2219
,1/6/2020 12:26:12,1057
,4/18/2017 10:45:41,352
,4/23/2020 11:1:4,1881
,8/7/2016 15:28:28,1708
,1/15/2018 13:28:35,2959
,5/1/2015 8:52:9,701
,7/25/2015 12:25:54,2246
,1/4/2017 16:56:7,1079
,3/18/2017 10:13:34,2410
,10/19/2014 13:37:45,2802
,4/4/2015 8:6:16,1643
,9/2/2020 14:4:37,1337
,9/11/2015 8:52:43,1564
,2/27/2015 13:21:49,2663
,10/8/2019 15:49:24,1457
,6/13/2015 12:35:17,1241
,2/16/2018 16:17:18,2994
,9/27/2020 9:32:29,2125
,6/1/2020 14:20:52,366
,1/9/2014 13:18:7,203
,10/15/2016 16:9:29,2460
,1/23/2014 11:0:10,2633
,9/12/2017 15:57:26,245
,7/8/2019 14:19:8,1115
,4/19/2018 9:45:56,227
,7/8/2020 12:8:42,2322
,5/14/2018 9:11:39,1116
,7/9/2017 11:12:47,1100
,6/8/2016 16:3:33,620
,11/26/2016 8:9:15,36
,4/8/2016 9:3:18,2755
,1/6/2019 15:46:45,700
,11/25/2015 12:41:26,2421
,1/9/2020 14:42:38,2151
,8/14/2014 11:58:32,2481
,4/6/2017 12:53:55,1246
,9/9/2020 10:54:54,2778
,7/26/2015 15:45:21,909
,11/19/2016 8:28:52,1125
,5/21/2017 8:45:26,1790
,10/6/2016 12:23:14,847
,4/25/2018 10:54:15,343
,6/5/2014 13:43:38,1699
,5/15/2016 10:43:12,1691
,5/11/2017 13:48:1,2734
,1/14/2015 13:40:50,380
,3/25/2017 12:3:26,568
,7/18/2020 11:25:7,1314
,10/27/2015 13:31:11,2882
,11/25/2018 15:0:16,1693
,9/12/2020 9:50:42,1886
,9/7/2016 16:30:56,2252
,3/3/2016 14:13:37,1626
,11/17/2020 8:48:46,637
,1/5/2016 8:7:41,2477
,9/5/2018 14:37:35,1142
,4/2/2019 8:0:47,2824
,6/10/2020 10:53:28,484
,1/10/2017 10:54:5,1199
,2/3/2017 14:32:26,356
,8/9/2015 12:53:2,2303
,9/12/2017 13:25:39,865
,4/19/2020 12:5:7,178
,1/15/2020 15:16:52,2093
,4/6/2018 16:46:1,2764
,1/20/2014 14:31:3,661
,7/27/2017 15:34:43,1634
,5/24/2014 16:22:38,2131
,3/9/2020 15:34:49,2901
,4/24/2014 15:7:2,2928
,6/26/2014 14:51:54,1181
,4/13/2015 14:42:29,1804
,7/4/2015 14:15:9,718
,9/2/2015 9:45:58,1294
,10/26/2018 13:7:26,2074
,3/12/2017 9:26:47,1835
,4/14/2019 10:27:4,653
,1/19/2020 8:25:47,1272
,10/20/2014 13:42:39,1099
,1/1/2015 8:17:38,2564
,2/5/2015 12:16:49,1473
,6/18/2017 11:57:6,2520
,6/5/2020 11:52:9,936
,3/6/2018 13:15:49,1644
,10/10/2015 12:30:5,868
,3/24/2019 15:43:54,222
,7/26/2016 14:44:41,1791
,9/3/2014 8:5:13,1502
,9/26/2015 10:47:30,2392
,8/4/2015 10:32:30,1057
,9/27/2017 16:6:40,1140
,11/22/2019 13:13:58,2012
,3/11/2017 8:3:49,2427
,7/12/2018 15:8:0,488
,5/8/2020 9:4:57,2204
,9/17/2017 12:9:7,2699
,9/2/2017 11:2:40,2883
,2/12/2020 11:39:18,2323
,10/5/2017 15:9:44,1644
,1/14/2015 11:28:30,1791
,2/10/2017 11:18:39,1464
,6/24/2014 9:52:20,1154
,2/5/2019 8:3:49,1131
,3/25/2020 10:35:42,2671
,3/21/2015 14:19:54,231
,3/22/2017 16:19:45,2800
,11/26/2019 14:27:20,1252
,2/23/2019 8:39:11,51
,9/14/2014 8:52:53,1281
,6/16/2018 12:52:26,361
,2/14/2018 16:22:4,208
,11/6/2018 13:45:33,1270
,4/13/2018 9:22:21,2103
,9/5/2014 15:48:58,1353
,8/20/2014 14:27:9,1601
,11/13/2017 13:8:29,2501
,1/2/2016 15:44:4,2646
,9/8/2014 12:1:49,1252
,10/1/2017 16:56:21,944
,9/5/2018 14:14:38,2262
,3/16/2017 12:58:54,1588
,7/19/2015 11:40:4,2850
,5/21/2018 9:45:41,2456
,3/27/2017 9:13:52,1562
,3/19/2016 12:13:53,1506
,3/27/2014 14:50:28,1886
,9/24/2017 9:50:13,2094
,9/15/2017 11:19:42,2948
,2/17/2014 13:53:34,1807
,9/5/2020 13:9:51,2092
,3/5/2020 11:35:39,1669
,11/25/2018 12:0:18,1047
,11/10/2015 14:28:36,2346
,6/1/2018 14:25:42,2025
,7/14/2016 9:11:32,819
,5/4/2020 15:35:2,37
,2/9/2017 16:7:48,1107
,11/2/2019 13:28:0,983
,9/8/2014 12:8:28,1131
,5/10/2017 8:22:51,786
,1/21/2019 13:28:8,1687
,3/26/2015 10:17:3,1459
,8/12/2019 12:23:52,2939
,11/6/2017 10:7:36,1750
,3/13/2016 15:22:58,568
,6/17/2018 16:31:40,2587
,5/4/2020 16:2:10,2627
,3/2/2015 15:26:24,793
,7/14/2015 14:51:23,1605
,3/17/2015 8:8:1,2421
,6/10/2020 10:36:36,2771
,9/17/2014 11:12:24,1350
,11/7/2015 8:54:30,1098
,9/22/2018 14:7:38,2100
,7/20/2016 12:41:8,2921
,4/14/2014 13:48:9,1332
,10/25/2015 12:19:12,1416
,7/1/2014 12:2:29,2287
,8/2/2016 11:34:22,884
,9/16/2020 12:40:58,1063
,2/20/2019 11:40:6,424
,11/6/2014 16:19:11,1022
,8/1/2017 8:56:10,962
,8/4/2020 16:55:34,1907
,1/6/2017 14:28:19,1409
,10/11/2019 16:34:19,1879
,9/19/2015 11:29:30,1642
,6/8/2018 16:9:12,2795
,10/14/2017 9:49:58,252
,1/11/2020 11:4:40,1283
,6/27/2019 10:13:13,1113
,10/22/2015 14:27:36,1383
,8/22/2019 12:6:54,2838
,3/13/2019 11:45:2,2876
,6/7/2018 13:57:4,293
,9/14/2014 15:52:24,2846
,7/2/2015 11:28:44,2628
,2/11/2020 12:50:37,424
,8/9/2020 15:2:27,712
,6/25/2017 8:53:45,1637
,6/19/2020 11:0:51,1977
,4/18/2014 15:36:22,1019
,10/23/2020 10:39:51,1061
,8/23/2018 8:57:6,2104
,1/18/2018 16:44:48,2039
,2/11/2017 12:35:48,38
,8/14/2015 8:17:21,2667
,10/10/2016 12:32:30,2963
,8/4/2014 15:55:7,1822
,11/22/2014 8:33:56,2205
,3/1/2017 16:28:22,1339
,3/3/2015 16:17:51,1538
,11/23/2016 15:6:11,2817
,8/14/2014 13:38:2,2786
,11/13/2016 9:53:19,80
,10/10/2017 10:21:30,384
,3/20/2017 14:32:25,216
,8/4/2017 9:39:50,751
,8/23/2018 9:50:49,60
,1/25/2015 11:1:13,1407
,6/21/2015 8:13:43,664
,7/19/2014 12:5:31,2549
,1/11/2017 10:47:57,260
,3/25/2014 15:0:16,41
,5/12/2015 11:7:20,1027
,4/10/2017 8:20:32,1107
,9/17/2014 12:18:2,1229
,5/16/2015 9:20:1,939
,11/11/2019 14:21:8,1526
,7/2/2014 9:1:17,2792
,5/7/2018 15:32:57,1421
,6/10/2014 13:39:8,710
,7/14/2019 10:11:35,1293
,11/26/2017 15:52:9,1965
,11/20/2018 14:52:40,1804
,7/25/2017 8:15:16,2123
,9/6/2020 9:51:51,2678
,9/1/2019 13:11:37,1575
,5/9/2014 13:22:18,2585
,7/18/2019 14:5:4,1089
,11/20/2016 12:29:30,1929
,7/4/2018 11:9:32,1397
,7/26/2016 14:25:37,692
,8/14/2015 13:28:35,765
,6/6/2016 8:47:50,2662
,11/20/2016 16:8:54,2293
,8/22/2018 12:33:58,1284
,8/4/2017 12:38:26,2770
,11/23/2015 15:4:16,2515
,5/19/2020 16:47:7,2627
,3/17/2016 14:32:31,2349
,8/21/2016 14:1:26,1596
